case_id,knowledge_id,annotator_id,relevance,status,raw_data_evidence,item_condition_evidence,rationale,model,input_sha256,annotation_revision
P001,K001,judge_a,2,labeled,"Window sleep duration is 330 minutes (5.5 hours) nightly from Feb 3-16, below 7 hours.",CDC recommends at least 7 hours for adults aged 18-60; metadata confirms age_band 18-60.,Directly explains the observed persistent short sleep pattern against the age-matched recommendation threshold.,qwen3.8-max,05b385f28f6de13f8c5afe73ffec657b67da13329fccb7950b2cf6c4c6056314,blinded-annotation-v2-shortrefs
P001,K002,judge_a,0,labeled,"Metadata age_band is 18-60, not specifically 61-64.",Item explicitly requires age 61 to 64 and lists other age groups as non-applicable.,Age band 18-60 contradicts the required 61-64 condition; item is not applicable.,qwen3.8-max,05b385f28f6de13f8c5afe73ffec657b67da13329fccb7950b2cf6c4c6056314,blinded-annotation-v2-shortrefs
P001,K017,judge_a,0,labeled,Sleep start shifted from 23:00 to 01:30 on Feb 3 and remained stable at 01:30 through Feb 16.,Item requires repeated variability in bedtime or wake time to be applicable.,The new sleep schedule is perfectly stable after one shift; no repeated variability observed.,qwen3.8-max,05b385f28f6de13f8c5afe73ffec657b67da13329fccb7950b2cf6c4c6056314,blinded-annotation-v2-shortrefs
P001,K083,judge_a,0,labeled,RHR remained constant at 61 bpm across all 42 days with zero variance.,Item requires repeated RHR readings or a recent change to provide trend context.,No RHR change or variability exists; item about tracking trends is uninformative here.,qwen3.8-max,05b385f28f6de13f8c5afe73ffec657b67da13329fccb7950b2cf6c4c6056314,blinded-annotation-v2-shortrefs
P001,K094,judge_a,1,labeled,Sleep duration dropped from 480 to 330 minutes while sleep_end stayed fixed at 07:00.,Item explains estimated time asleep differs from full sleep period boundaries.,"Provides contextual support that recorded 330 min may reflect classified sleep, not just time in bed.",qwen3.8-max,05b385f28f6de13f8c5afe73ffec657b67da13329fccb7950b2cf6c4c6056314,blinded-annotation-v2-shortrefs
P001,K096,judge_a,0,labeled,Steps remained constant at 7200 across baseline and window periods with no change.,Item requires step readings changing with possible measurement limitations to be applicable.,"No step variation observed; item conditions not met, making it uninformative for this data.",qwen3.8-max,05b385f28f6de13f8c5afe73ffec657b67da13329fccb7950b2cf6c4c6056314,blinded-annotation-v2-shortrefs
P002,K001,judge_a,0,labeled,Sleep duration is exactly 480 minutes (8 hours) every day in both periods.,Item applies when sleep duration is below 7 hours for adults 18-60.,Observed 480 minutes exceeds the 7-hour threshold; required condition contradicted by data.,qwen3.8-max,9c95f8a4a462419b036fa1c7af61d4dd867d01228c9a87645d104c384c0f7614,blinded-annotation-v2-shortrefs
P002,K002,judge_a,0,labeled,Metadata age_band is 18-60; sleep duration is 480 minutes daily.,Item explicitly non-applicable to age groups other than 61-64.,Age band 18-60 contradicts the item's required 61-64 age group.,qwen3.8-max,9c95f8a4a462419b036fa1c7af61d4dd867d01228c9a87645d104c384c0f7614,blinded-annotation-v2-shortrefs
P002,K017,judge_a,2,labeled,Window sleep starts alternate 23:00 and 02:00; sleep_start variance 8100 vs baseline 0.,Item requires repeated variability in bedtime or wake time.,Alternating 3-hour sleep start shifts directly match the item's core condition of inconsistent bedtimes.,qwen3.8-max,9c95f8a4a462419b036fa1c7af61d4dd867d01228c9a87645d104c384c0f7614,blinded-annotation-v2-shortrefs
P002,K083,judge_a,0,labeled,RHR constant at 61 bpm across all 42 days with zero variance.,Item applies to repeated RHR readings or a recent change in RHR.,No RHR change or informative trend exists; item provides only generic background with no concrete connection.,qwen3.8-max,9c95f8a4a462419b036fa1c7af61d4dd867d01228c9a87645d104c384c0f7614,blinded-annotation-v2-shortrefs
P002,K094,judge_a,1,labeled,Sleep duration 480 min equals nighttime coverage 480 min daily; sleep boundaries recorded.,Item applies when device-estimated sleep duration and sleep boundaries are available.,"Contextually relevant as estimated sleep matches total period here, but no discrepancy observed to explain.",qwen3.8-max,9c95f8a4a462419b036fa1c7af61d4dd867d01228c9a87645d104c384c0f7614,blinded-annotation-v2-shortrefs
P002,K096,judge_a,0,labeled,Steps constant at 7200 daily across baseline and window with zero variance.,Item applies when step readings change with possible measurement limitations.,"No step variability observed; item conditions not met, only generic background.",qwen3.8-max,9c95f8a4a462419b036fa1c7af61d4dd867d01228c9a87645d104c384c0f7614,blinded-annotation-v2-shortrefs
P003,K001,judge_a,0,labeled,Sleep duration is 480 minutes (8 hours) daily; metadata age band is 18-60.,Item applies when sleep duration is below the 7-hour recommendation for adults aged 18-60.,Observed 8-hour sleep meets the 7-hour recommendation; required condition of short sleep not met.,qwen3.8-max,09f3f52e74d4efeeebdc15aa4f37c46a3ff9791b6c6029c9b78f60353bc5f68b,blinded-annotation-v2-shortrefs
P003,K002,judge_a,0,labeled,Metadata specifies age band 18-60 for this wearable user.,Item explicitly requires age 61 to 64 and lists other age groups as non-applicable.,User age band 18-60 directly contradicts the item's required 61-64 age condition.,qwen3.8-max,09f3f52e74d4efeeebdc15aa4f37c46a3ff9791b6c6029c9b78f60353bc5f68b,blinded-annotation-v2-shortrefs
P003,K017,judge_a,0,labeled,Sleep starts at 23:00 and ends at 07:00 every single day with zero variance across all 42 days.,Item applies when there is repeated variability in bedtime or wake time.,Perfectly consistent sleep schedule observed; required condition of variability is contradicted by data.,qwen3.8-max,09f3f52e74d4efeeebdc15aa4f37c46a3ff9791b6c6029c9b78f60353bc5f68b,blinded-annotation-v2-shortrefs
P003,K083,judge_a,0,labeled,RHR is exactly 61 bpm every day across baseline and window with zero variance or change.,Item requires repeated RHR readings or a recent change to provide trend context.,No RHR variability or change exists; multi-day trend viewing adds no information beyond constant value.,qwen3.8-max,09f3f52e74d4efeeebdc15aa4f37c46a3ff9791b6c6029c9b78f60353bc5f68b,blinded-annotation-v2-shortrefs
P003,K094,judge_a,0,labeled,"Sleep duration equals 480 minutes every day, matching sleep start-to-end interval exactly with zero variance.",Item states estimated time asleep differs from full sleep period boundaries.,No discrepancy observed between sleep boundaries and duration; item condition not triggered by data.,qwen3.8-max,09f3f52e74d4efeeebdc15aa4f37c46a3ff9791b6c6029c9b78f60353bc5f68b,blinded-annotation-v2-shortrefs
P003,K096,judge_a,1,labeled,"Window days Feb 5,8,11,14 have null steps due to 360 daytime wear minutes, below 720 threshold.",Item states step counts depend on movement sensing and changes in how device is worn affect recorded steps.,Reduced daytime wear explains missing steps; item provides supported contextual measurement explanation.,qwen3.8-max,09f3f52e74d4efeeebdc15aa4f37c46a3ff9791b6c6029c9b78f60353bc5f68b,blinded-annotation-v2-shortrefs
