retriever,baseline_a,baseline_b,metric,mean_difference,lower_95,upper_95,case_count,cluster_count,construction_cluster_count,iterations,seed,scope
bm25,B1,B2,recall_at_5,0.03438879972066178,0.012144975486599782,0.05844847572504221,24,19,19,10000,1729,"case-weighted, synthetic pilot only; resample whole construction clusters"
bm25,B1,B2,recall_at_10,0.0503079435175862,0.02307003249322308,0.07924950645405127,24,19,19,10000,1729,"case-weighted, synthetic pilot only; resample whole construction clusters"
bm25,B1,B2,recall_at_20,0.07549433351246972,0.04741760250936604,0.10441015373290213,24,19,19,10000,1729,"case-weighted, synthetic pilot only; resample whole construction clusters"
bm25,B1,B2,strong_recall_at_10,0.06399611191277858,-0.00027688273426909854,0.12329483865570819,24,19,19,10000,1729,"case-weighted, synthetic pilot only; resample whole construction clusters"
bm25,B1,B2,ndcg_at_10,0.10469708108164802,0.03585684476985838,0.17441671858783322,24,19,19,10000,1729,"case-weighted, synthetic pilot only; resample whole construction clusters"
bm25,B1,B2,irrelevant_fraction_at_10,-0.10833333333333334,-0.16944746376811595,-0.047614468864468934,24,19,19,10000,1729,"case-weighted, synthetic pilot only; resample whole construction clusters"
bm25,B1,B3,recall_at_5,0.0051182389977418394,-0.012617164756284788,0.023530096785140318,24,19,19,10000,1729,"case-weighted, synthetic pilot only; resample whole construction clusters"
bm25,B1,B3,recall_at_10,0.025664129908774917,-0.009867535285406799,0.059580443378416066,24,19,19,10000,1729,"case-weighted, synthetic pilot only; resample whole construction clusters"
bm25,B1,B3,recall_at_20,0.07127692916632875,0.039187088401857265,0.10097507996488835,24,19,19,10000,1729,"case-weighted, synthetic pilot only; resample whole construction clusters"
bm25,B1,B3,strong_recall_at_10,0.007171416546416544,-0.08152777777777777,0.09355199041278583,24,19,19,10000,1729,"case-weighted, synthetic pilot only; resample whole construction clusters"
bm25,B1,B3,ndcg_at_10,0.02608329693230409,-0.04654953186998592,0.09704015226102207,24,19,19,10000,1729,"case-weighted, synthetic pilot only; resample whole construction clusters"
bm25,B1,B3,irrelevant_fraction_at_10,-0.059722222222222225,-0.14696969696969697,0.026086956521739122,24,19,19,10000,1729,"case-weighted, synthetic pilot only; resample whole construction clusters"
bm25,B1,B4,recall_at_5,-0.04637907092078083,-0.06357435294837753,-0.02888768292150651,24,19,19,10000,1729,"case-weighted, synthetic pilot only; resample whole construction clusters"
bm25,B1,B4,recall_at_10,-0.03277233451992678,-0.05501976519422778,-0.01102061826079738,24,19,19,10000,1729,"case-weighted, synthetic pilot only; resample whole construction clusters"
bm25,B1,B4,recall_at_20,0.08146535386937176,0.048321516699081433,0.11306954316041534,24,19,19,10000,1729,"case-weighted, synthetic pilot only; resample whole construction clusters"
bm25,B1,B4,strong_recall_at_10,-0.15085778419111753,-0.23824367183742184,-0.06384197173599349,24,19,19,10000,1729,"case-weighted, synthetic pilot only; resample whole construction clusters"
bm25,B1,B4,ndcg_at_10,-0.15285933430425627,-0.20336224564152805,-0.10632136408648953,24,19,19,10000,1729,"case-weighted, synthetic pilot only; resample whole construction clusters"
bm25,B1,B4,irrelevant_fraction_at_10,0.08749999999999997,0.037681159420289816,0.13939393939393935,24,19,19,10000,1729,"case-weighted, synthetic pilot only; resample whole construction clusters"
bm25,B2,B3,recall_at_5,-0.029270560722919937,-0.04995910563370141,-0.009883189103546446,24,19,19,10000,1729,"case-weighted, synthetic pilot only; resample whole construction clusters"
bm25,B2,B3,recall_at_10,-0.024643813608811283,-0.05454957458142589,0.007749757985252448,24,19,19,10000,1729,"case-weighted, synthetic pilot only; resample whole construction clusters"
bm25,B2,B3,recall_at_20,-0.004217404346140975,-0.03597511294492458,0.030673652808990117,24,19,19,10000,1729,"case-weighted, synthetic pilot only; resample whole construction clusters"
bm25,B2,B3,strong_recall_at_10,-0.05682469536636203,-0.1221272463867702,0.015537933878312288,24,19,19,10000,1729,"case-weighted, synthetic pilot only; resample whole construction clusters"
bm25,B2,B3,ndcg_at_10,-0.07861378414934393,-0.1509410203918478,-0.007746096304252817,24,19,19,10000,1729,"case-weighted, synthetic pilot only; resample whole construction clusters"
bm25,B2,B3,irrelevant_fraction_at_10,0.04861111111111111,-0.03589743589743589,0.12318840579710143,24,19,19,10000,1729,"case-weighted, synthetic pilot only; resample whole construction clusters"
bm25,B2,B4,recall_at_5,-0.08076787064144261,-0.09398044100387634,-0.06930023497564398,24,19,19,10000,1729,"case-weighted, synthetic pilot only; resample whole construction clusters"
bm25,B2,B4,recall_at_10,-0.08308027803751299,-0.09995702966112638,-0.06825927438264823,24,19,19,10000,1729,"case-weighted, synthetic pilot only; resample whole construction clusters"
bm25,B2,B4,recall_at_20,0.005971020356902043,-0.015666098847342887,0.02636139871473932,24,19,19,10000,1729,"case-weighted, synthetic pilot only; resample whole construction clusters"
bm25,B2,B4,strong_recall_at_10,-0.2148538961038961,-0.29375803845912546,-0.141400974025974,24,19,19,10000,1729,"case-weighted, synthetic pilot only; resample whole construction clusters"
bm25,B2,B4,ndcg_at_10,-0.2575564153859043,-0.30425340084466174,-0.21219090352082293,24,19,19,10000,1729,"case-weighted, synthetic pilot only; resample whole construction clusters"
bm25,B2,B4,irrelevant_fraction_at_10,0.1958333333333333,0.1653333333333333,0.22916666666666663,24,19,19,10000,1729,"case-weighted, synthetic pilot only; resample whole construction clusters"
bm25,B3,B4,recall_at_5,-0.051497309918522666,-0.06742240192878939,-0.03618364998277603,24,19,19,10000,1729,"case-weighted, synthetic pilot only; resample whole construction clusters"
bm25,B3,B4,recall_at_10,-0.05843646442870169,-0.08658172056627839,-0.032565148546332634,24,19,19,10000,1729,"case-weighted, synthetic pilot only; resample whole construction clusters"
bm25,B3,B4,recall_at_20,0.01018842470304302,-0.016256778095643444,0.03788080817658805,24,19,19,10000,1729,"case-weighted, synthetic pilot only; resample whole construction clusters"
bm25,B3,B4,strong_recall_at_10,-0.15802920073753407,-0.2261467742905243,-0.09034581930415267,24,19,19,10000,1729,"case-weighted, synthetic pilot only; resample whole construction clusters"
bm25,B3,B4,ndcg_at_10,-0.17894263123656037,-0.23547521600046487,-0.1255828252015418,24,19,19,10000,1729,"case-weighted, synthetic pilot only; resample whole construction clusters"
bm25,B3,B4,irrelevant_fraction_at_10,0.1472222222222222,0.07970457079152728,0.2256410256410256,24,19,19,10000,1729,"case-weighted, synthetic pilot only; resample whole construction clusters"
dense,B1,B2,recall_at_5,0.014331989037421791,0.001355618088768498,0.026057008441521826,24,19,19,10000,1729,"case-weighted, synthetic pilot only; resample whole construction clusters"
dense,B1,B2,recall_at_10,0.03764945325709358,0.02441018682199571,0.05168895319842204,24,19,19,10000,1729,"case-weighted, synthetic pilot only; resample whole construction clusters"
dense,B1,B2,recall_at_20,0.02935127056942158,0.008989611528141121,0.05114011519721859,24,19,19,10000,1729,"case-weighted, synthetic pilot only; resample whole construction clusters"
dense,B1,B2,strong_recall_at_10,0.013871853455186786,-0.058823800540697774,0.08953590741469529,24,19,19,10000,1729,"case-weighted, synthetic pilot only; resample whole construction clusters"
dense,B1,B2,ndcg_at_10,0.048868904523464145,0.019236932875111364,0.07919913103493571,24,19,19,10000,1729,"case-weighted, synthetic pilot only; resample whole construction clusters"
dense,B1,B2,irrelevant_fraction_at_10,-0.0875,-0.12028985507246376,-0.05512820512820513,24,19,19,10000,1729,"case-weighted, synthetic pilot only; resample whole construction clusters"
dense,B1,B3,recall_at_5,-0.02344774877568749,-0.040882826190185524,-0.008592009246311335,24,19,19,10000,1729,"case-weighted, synthetic pilot only; resample whole construction clusters"
dense,B1,B3,recall_at_10,-0.016756487262248248,-0.03498378490701229,0.0003698667744647121,24,19,19,10000,1729,"case-weighted, synthetic pilot only; resample whole construction clusters"
dense,B1,B3,recall_at_20,-0.04587803105504097,-0.07115449031956697,-0.01974493881728038,24,19,19,10000,1729,"case-weighted, synthetic pilot only; resample whole construction clusters"
dense,B1,B3,strong_recall_at_10,-0.005707872374539042,-0.12038346260221261,0.10586843133718135,24,19,19,10000,1729,"case-weighted, synthetic pilot only; resample whole construction clusters"
dense,B1,B3,ndcg_at_10,-0.03927815615732283,-0.09273878866270047,0.01202244665699015,24,19,19,10000,1729,"case-weighted, synthetic pilot only; resample whole construction clusters"
dense,B1,B3,irrelevant_fraction_at_10,0.03749999999999999,-0.002901844532279315,0.08030303030303029,24,19,19,10000,1729,"case-weighted, synthetic pilot only; resample whole construction clusters"
dense,B1,B4,recall_at_5,0.022370742042523796,0.009762909312881258,0.035447457167092015,24,19,19,10000,1729,"case-weighted, synthetic pilot only; resample whole construction clusters"
dense,B1,B4,recall_at_10,0.09760576692737438,0.0772801205890691,0.11791435843629793,24,19,19,10000,1729,"case-weighted, synthetic pilot only; resample whole construction clusters"
dense,B1,B4,recall_at_20,0.04469356775298364,0.017691692895332567,0.07322358385317702,24,19,19,10000,1729,"case-weighted, synthetic pilot only; resample whole construction clusters"
dense,B1,B4,strong_recall_at_10,-0.0008287237453904125,-0.11281358998144712,0.09284390160104443,24,19,19,10000,1729,"case-weighted, synthetic pilot only; resample whole construction clusters"
dense,B1,B4,ndcg_at_10,0.05154610083352456,-0.00438052388841301,0.10294994040884083,24,19,19,10000,1729,"case-weighted, synthetic pilot only; resample whole construction clusters"
dense,B1,B4,irrelevant_fraction_at_10,-0.22777777777777777,-0.2733333333333333,-0.18266666666666667,24,19,19,10000,1729,"case-weighted, synthetic pilot only; resample whole construction clusters"
dense,B2,B3,recall_at_5,-0.03777973781310928,-0.05159107039059127,-0.024783443991453696,24,19,19,10000,1729,"case-weighted, synthetic pilot only; resample whole construction clusters"
dense,B2,B3,recall_at_10,-0.05440594051934183,-0.07228549484394674,-0.037494107981445216,24,19,19,10000,1729,"case-weighted, synthetic pilot only; resample whole construction clusters"
dense,B2,B3,recall_at_20,-0.07522930162446255,-0.10401052842002374,-0.04509815905195694,24,19,19,10000,1729,"case-weighted, synthetic pilot only; resample whole construction clusters"
dense,B2,B3,strong_recall_at_10,-0.019579725829725825,-0.10156099687349686,0.06957509018759012,24,19,19,10000,1729,"case-weighted, synthetic pilot only; resample whole construction clusters"
dense,B2,B3,ndcg_at_10,-0.08814706068078697,-0.1494901421925332,-0.028277619349362695,24,19,19,10000,1729,"case-weighted, synthetic pilot only; resample whole construction clusters"
dense,B2,B3,irrelevant_fraction_at_10,0.12499999999999999,0.08717948717948716,0.1641025641025641,24,19,19,10000,1729,"case-weighted, synthetic pilot only; resample whole construction clusters"
dense,B2,B4,recall_at_5,0.008038753005102005,-0.0014954369434130388,0.018281201035347625,24,19,19,10000,1729,"case-weighted, synthetic pilot only; resample whole construction clusters"
dense,B2,B4,recall_at_10,0.0599563136702808,0.04051845696506996,0.08107202133664297,24,19,19,10000,1729,"case-weighted, synthetic pilot only; resample whole construction clusters"
dense,B2,B4,recall_at_20,0.015342297183562054,-0.002142820049961864,0.03357776785882291,24,19,19,10000,1729,"case-weighted, synthetic pilot only; resample whole construction clusters"
dense,B2,B4,strong_recall_at_10,-0.014700577200577198,-0.11861080509528785,0.08236920066465521,24,19,19,10000,1729,"case-weighted, synthetic pilot only; resample whole construction clusters"
dense,B2,B4,ndcg_at_10,0.0026771963100604146,-0.04303727409373309,0.05186262900222367,24,19,19,10000,1729,"case-weighted, synthetic pilot only; resample whole construction clusters"
dense,B2,B4,irrelevant_fraction_at_10,-0.14027777777777778,-0.18840719063545153,-0.09583333333333333,24,19,19,10000,1729,"case-weighted, synthetic pilot only; resample whole construction clusters"
dense,B3,B4,recall_at_5,0.04581849081821129,0.028613396407049643,0.06442677742544063,24,19,19,10000,1729,"case-weighted, synthetic pilot only; resample whole construction clusters"
dense,B3,B4,recall_at_10,0.11436225418962263,0.08675220594732873,0.14232729901016203,24,19,19,10000,1729,"case-weighted, synthetic pilot only; resample whole construction clusters"
dense,B3,B4,recall_at_20,0.09057159880802461,0.06194184711212586,0.11866957025989543,24,19,19,10000,1729,"case-weighted, synthetic pilot only; resample whole construction clusters"
dense,B3,B4,strong_recall_at_10,0.004879148629148629,-0.17557169521299956,0.16865500240500236,24,19,19,10000,1729,"case-weighted, synthetic pilot only; resample whole construction clusters"
dense,B3,B4,ndcg_at_10,0.09082425699084738,-0.006022252804153812,0.1856466539136577,24,19,19,10000,1729,"case-weighted, synthetic pilot only; resample whole construction clusters"
dense,B3,B4,irrelevant_fraction_at_10,-0.2652777777777778,-0.32727543290043287,-0.20416250000000005,24,19,19,10000,1729,"case-weighted, synthetic pilot only; resample whole construction clusters"
