retriever,baseline_id,case_id,knowledge_group,positive_count,strong_count,returned_at_10,recall_at_10,strong_recall_at_10,top10_group_share,within_group_irrelevant_fraction_at_10
bm25,B1,C001,behavior_and_context,12,4,6,0.1388888888888889,0.3333333333333333,0.6,0.7083333333333334
bm25,B1,C001,measurement_quality,1,0,3,0.0,,0.3,1.0
bm25,B1,C001,personal_monitoring,10,0,1,0.06666666666666667,,0.1,0.3333333333333333
bm25,B1,C002,behavior_and_context,10,2,6.333333333333333,0.1,0.3333333333333333,0.6333333333333333,0.8273809523809523
bm25,B1,C002,measurement_quality,4,1,1.3333333333333333,0.3333333333333333,1.0,0.13333333333333333,0.0
bm25,B1,C002,personal_monitoring,9,0,2.3333333333333335,0.25925925925925924,,0.23333333333333334,0.0
bm25,B1,C003,behavior_and_context,9,3,8,0.18518518518518517,0.3333333333333333,0.8,0.7784391534391534
bm25,B1,C003,measurement_quality,4,0,1,0.16666666666666666,,0.1,0.5
bm25,B1,C003,personal_monitoring,6,0,1,0.16666666666666666,,0.1,0.0
bm25,B1,C004,behavior_and_context,6,1,7.333333333333333,0.0,0.0,0.7333333333333334,1.0
bm25,B1,C004,measurement_quality,3,0,0.6666666666666666,0.0,,0.06666666666666667,1.0
bm25,B1,C004,personal_monitoring,9,6,2,0.22222222222222224,0.2777777777777778,0.2,0.0
bm25,B1,C005,behavior_and_context,12,4,7.666666666666667,0.19444444444444445,0.4166666666666667,0.7666666666666667,0.6964285714285714
bm25,B1,C005,measurement_quality,3,0,2,0.2222222222222222,,0.2,0.7222222222222222
bm25,B1,C005,personal_monitoring,9,0,0.3333333333333333,0.037037037037037035,,0.03333333333333333,0.0
bm25,B1,C006,behavior_and_context,10,3,6,0.03333333333333333,0.0,0.6,0.9523809523809523
bm25,B1,C006,measurement_quality,4,0,2.3333333333333335,0.3333333333333333,,0.23333333333333334,0.3333333333333333
bm25,B1,C006,personal_monitoring,10,6,1.6666666666666667,0.13333333333333333,0.2222222222222222,0.16666666666666669,0.16666666666666666
bm25,B1,C007,behavior_and_context,7,1,6.666666666666667,0.19047619047619047,0.3333333333333333,0.6666666666666666,0.7916666666666666
bm25,B1,C007,measurement_quality,3,0,2,0.1111111111111111,,0.2,0.8888888888888888
bm25,B1,C007,personal_monitoring,7,0,1.3333333333333333,0.047619047619047616,,0.13333333333333333,0.8333333333333334
bm25,B1,C008,behavior_and_context,8,2,5,0.041666666666666664,0.0,0.5,0.9166666666666666
bm25,B1,C008,measurement_quality,6,1,2,0.3333333333333333,0.6666666666666666,0.2,0.0
bm25,B1,C008,personal_monitoring,9,1,3,0.2962962962962963,0.3333333333333333,0.3,0.06666666666666667
bm25,B1,C009,behavior_and_context,9,1,5.666666666666667,0.18518518518518517,0.0,0.5666666666666667,0.7047619047619048
bm25,B1,C009,measurement_quality,5,0,1.6666666666666667,0.26666666666666666,,0.16666666666666669,0.16666666666666666
bm25,B1,C009,personal_monitoring,10,5,2.6666666666666665,0.26666666666666666,0.26666666666666666,0.26666666666666666,0.0
bm25,B1,C010,behavior_and_context,9,2,6,0.2222222222222222,0.5,0.6,0.6626984126984127
bm25,B1,C010,measurement_quality,3,1,1.6666666666666667,0.5555555555555556,1.0,0.16666666666666669,0.0
bm25,B1,C010,personal_monitoring,10,3,2.3333333333333335,0.23333333333333334,0.4444444444444444,0.23333333333333334,0.0
bm25,B1,C011,behavior_and_context,8,1,7,0.16666666666666666,0.0,0.7,0.8095238095238095
bm25,B1,C011,measurement_quality,4,0,1.3333333333333333,0.25,,0.13333333333333333,0.16666666666666666
bm25,B1,C011,personal_monitoring,10,4,1.6666666666666667,0.06666666666666667,0.16666666666666666,0.16666666666666669,0.6666666666666666
bm25,B1,C012,behavior_and_context,17,2,6.333333333333333,0.13725490196078433,0.0,0.6333333333333333,0.626984126984127
bm25,B1,C012,measurement_quality,4,1,1.6666666666666667,0.25,0.0,0.16666666666666669,0.3333333333333333
bm25,B1,C012,personal_monitoring,10,9,2,0.2,0.2222222222222222,0.2,0.0
bm25,B1,C013,behavior_and_context,10,3,7,0.3,0.3333333333333333,0.7000000000000001,0.575
bm25,B1,C013,measurement_quality,2,0,1.6666666666666667,0.3333333333333333,,0.16666666666666666,0.5555555555555556
bm25,B1,C013,personal_monitoring,9,3,1.3333333333333333,0.14814814814814814,0.2222222222222222,0.13333333333333333,0.0
bm25,B1,C014,behavior_and_context,14,1,6.666666666666667,0.26190476190476186,0.0,0.6666666666666666,0.4444444444444444
bm25,B1,C014,measurement_quality,2,0,1.6666666666666667,0.3333333333333333,,0.16666666666666669,0.6666666666666666
bm25,B1,C014,personal_monitoring,10,1,1.6666666666666667,0.1,0.3333333333333333,0.16666666666666666,0.4444444444444444
bm25,B1,C015,behavior_and_context,20,6,7.333333333333333,0.15000000000000002,0.3888888888888889,0.7333333333333334,0.6185185185185186
bm25,B1,C015,measurement_quality,5,0,1,0.2,,0.1,0.0
bm25,B1,C015,personal_monitoring,10,0,1.6666666666666667,0.16666666666666669,,0.16666666666666669,0.0
bm25,B1,C016,behavior_and_context,11,2,6.666666666666667,0.1212121212121212,0.16666666666666666,0.6666666666666666,0.8015873015873016
bm25,B1,C016,measurement_quality,3,0,2,0.2222222222222222,,0.2,0.7222222222222222
bm25,B1,C016,personal_monitoring,10,5,1.3333333333333333,0.06666666666666667,0.13333333333333333,0.13333333333333333,0.5
bm25,B1,C017,behavior_and_context,11,2,6.666666666666667,0.12121212121212122,0.0,0.6666666666666666,0.7851851851851852
bm25,B1,C017,measurement_quality,1,0,2.3333333333333335,0.0,,0.23333333333333334,1.0
bm25,B1,C017,personal_monitoring,10,8,1,0.06666666666666667,0.08333333333333333,0.1,0.5
bm25,B1,C018,behavior_and_context,8,2,6.333333333333333,0.08333333333333333,0.16666666666666666,0.6333333333333333,0.9027777777777778
bm25,B1,C018,measurement_quality,4,0,1,0.25,,0.1,0.0
bm25,B1,C018,personal_monitoring,9,1,2.6666666666666665,0.25925925925925924,1.0,0.26666666666666666,0.1111111111111111
bm25,B1,C019,behavior_and_context,14,5,6.333333333333333,0.11904761904761904,0.33333333333333337,0.6333333333333333,0.7301587301587301
bm25,B1,C019,measurement_quality,2,1,1,0.3333333333333333,0.3333333333333333,0.1,0.3333333333333333
bm25,B1,C019,personal_monitoring,8,0,2.6666666666666665,0.16666666666666666,,0.26666666666666666,0.5
bm25,B1,C020,behavior_and_context,12,3,7.666666666666667,0.25,0.2222222222222222,0.7666666666666667,0.6157407407407407
bm25,B1,C020,measurement_quality,4,0,1.6666666666666667,0.4166666666666667,,0.16666666666666669,0.0
bm25,B1,C020,personal_monitoring,10,8,0.6666666666666666,0.03333333333333333,0.0,0.06666666666666667,0.5
bm25,B1,C021,behavior_and_context,9,4,7.666666666666667,0.037037037037037035,0.0,0.7666666666666667,0.9583333333333334
bm25,B1,C021,measurement_quality,2,0,1.6666666666666667,0.16666666666666666,,0.16666666666666666,0.8888888888888888
bm25,B1,C021,personal_monitoring,10,3,0.6666666666666666,0.06666666666666667,0.1111111111111111,0.06666666666666667,0.0
bm25,B1,C022,behavior_and_context,14,2,6,0.09523809523809523,0.16666666666666666,0.6,0.7777777777777778
bm25,B1,C022,measurement_quality,5,0,1.3333333333333333,0.13333333333333333,,0.13333333333333333,0.5
bm25,B1,C022,personal_monitoring,11,5,2.6666666666666665,0.2424242424242424,0.2,0.26666666666666666,0.0
bm25,B1,C023,behavior_and_context,16,3,7.333333333333333,0.10416666666666667,0.3333333333333333,0.7333333333333334,0.7916666666666666
bm25,B1,C023,measurement_quality,4,0,1.6666666666666667,0.3333333333333333,,0.16666666666666669,0.16666666666666666
bm25,B1,C023,personal_monitoring,10,1,1,0.1,0.6666666666666666,0.1,0.0
bm25,B1,C024,behavior_and_context,11,2,7,0.09090909090909091,0.0,0.7,0.8571428571428571
bm25,B1,C024,measurement_quality,6,0,1.6666666666666667,0.1111111111111111,,0.16666666666666669,0.6666666666666666
bm25,B1,C024,personal_monitoring,11,6,1.3333333333333333,0.12121212121212122,0.16666666666666666,0.13333333333333333,0.0
bm25,B2,C001,behavior_and_context,12,4,5.333333333333333,0.16666666666666666,0.25,0.5333333333333333,0.6238095238095238
bm25,B2,C001,measurement_quality,1,0,1.6666666666666667,1.0,,0.16666666666666666,0.2222222222222222
bm25,B2,C001,personal_monitoring,10,0,3,0.3,,0.3,0.0
bm25,B2,C002,behavior_and_context,10,2,4.333333333333333,0.1,0.5,0.43333333333333335,0.7555555555555555
bm25,B2,C002,measurement_quality,4,1,3.3333333333333335,0.5833333333333334,1.0,0.3333333333333333,0.16666666666666666
bm25,B2,C002,personal_monitoring,9,0,2.3333333333333335,0.2222222222222222,,0.23333333333333334,0.08333333333333333
bm25,B2,C003,behavior_and_context,9,3,6,0.25925925925925924,0.4444444444444444,0.6,0.625
bm25,B2,C003,measurement_quality,4,0,0.3333333333333333,0.08333333333333333,,0.03333333333333333,0.0
bm25,B2,C003,personal_monitoring,6,0,3.6666666666666665,0.16666666666666666,,0.3666666666666667,0.6
bm25,B2,C004,behavior_and_context,6,1,2.3333333333333335,0.0,0.0,0.23333333333333334,1.0
bm25,B2,C004,measurement_quality,3,0,1,0.0,,0.1,1.0
bm25,B2,C004,personal_monitoring,9,6,6.666666666666667,0.6666666666666666,0.6666666666666666,0.6666666666666666,0.09523809523809523
bm25,B2,C005,behavior_and_context,12,4,7,0.19444444444444445,0.4166666666666667,0.7,0.6666666666666666
bm25,B2,C005,measurement_quality,3,0,1,0.3333333333333333,,0.1,0.0
bm25,B2,C005,personal_monitoring,9,0,2,0.18518518518518517,,0.19999999999999998,0.16666666666666666
bm25,B2,C006,behavior_and_context,10,3,4,0.0,0.0,0.39999999999999997,1.0
bm25,B2,C006,measurement_quality,4,0,0.3333333333333333,0.0,,0.03333333333333333,1.0
bm25,B2,C006,personal_monitoring,10,6,5.666666666666667,0.5,0.5,0.5666666666666667,0.15873015873015872
bm25,B2,C007,behavior_and_context,7,1,5.666666666666667,0.09523809523809523,0.3333333333333333,0.5666666666666667,0.9166666666666666
bm25,B2,C007,measurement_quality,3,0,0.6666666666666666,0.1111111111111111,,0.06666666666666667,0.5
bm25,B2,C007,personal_monitoring,7,0,3.6666666666666665,0.38095238095238093,,0.3666666666666667,0.21666666666666667
bm25,B2,C008,behavior_and_context,8,2,4,0.0,0.0,0.4,1.0
bm25,B2,C008,measurement_quality,6,1,2.6666666666666665,0.4444444444444444,0.6666666666666666,0.26666666666666666,0.0
bm25,B2,C008,personal_monitoring,9,1,3.3333333333333335,0.3333333333333333,0.0,0.3333333333333333,0.1111111111111111
bm25,B2,C009,behavior_and_context,9,1,3.3333333333333335,0.1111111111111111,0.0,0.33333333333333337,0.75
bm25,B2,C009,measurement_quality,5,0,2.6666666666666665,0.26666666666666666,,0.26666666666666666,0.5
bm25,B2,C009,personal_monitoring,10,5,4,0.3333333333333333,0.4,0.39999999999999997,0.16666666666666666
bm25,B2,C010,behavior_and_context,9,2,6.333333333333333,0.14814814814814814,0.5,0.6333333333333333,0.7936507936507937
bm25,B2,C010,measurement_quality,3,1,2.6666666666666665,0.7777777777777778,1.0,0.26666666666666666,0.08333333333333333
bm25,B2,C010,personal_monitoring,10,3,1,0.1,0.1111111111111111,0.1,0.0
bm25,B2,C011,behavior_and_context,8,1,5.666666666666667,0.0,0.0,0.5666666666666667,1.0
bm25,B2,C011,measurement_quality,4,0,0.3333333333333333,0.08333333333333333,,0.03333333333333333,0.0
bm25,B2,C011,personal_monitoring,10,4,4,0.33333333333333337,0.5,0.4,0.13333333333333333
bm25,B2,C012,behavior_and_context,17,2,6.666666666666667,0.058823529411764705,0.0,0.6666666666666666,0.8492063492063492
bm25,B2,C012,measurement_quality,4,1,1.3333333333333333,0.25,0.0,0.13333333333333333,0.16666666666666666
bm25,B2,C012,personal_monitoring,10,9,2,0.2,0.2222222222222222,0.2,0.0
bm25,B2,C013,behavior_and_context,10,3,3.3333333333333335,0.16666666666666666,0.2222222222222222,0.3333333333333333,0.5277777777777778
bm25,B2,C013,measurement_quality,2,0,1,0.16666666666666666,,0.1,0.75
bm25,B2,C013,personal_monitoring,9,3,5.666666666666667,0.5185185185185185,0.3333333333333333,0.5666666666666667,0.15873015873015872
bm25,B2,C014,behavior_and_context,14,1,6,0.023809523809523808,0.0,0.6,0.9444444444444444
bm25,B2,C014,measurement_quality,2,0,1,0.5,,0.1,0.0
bm25,B2,C014,personal_monitoring,10,1,3,0.3,0.0,0.3,0.0
bm25,B2,C015,behavior_and_context,20,6,7,0.13333333333333333,0.3888888888888889,0.7,0.6232804232804233
bm25,B2,C015,measurement_quality,5,0,0.6666666666666666,0.13333333333333333,,0.06666666666666667,0.0
bm25,B2,C015,personal_monitoring,10,0,2.3333333333333335,0.23333333333333334,,0.23333333333333334,0.0
bm25,B2,C016,behavior_and_context,11,2,4.666666666666667,0.06060606060606061,0.3333333333333333,0.4666666666666667,0.8666666666666667
bm25,B2,C016,measurement_quality,3,0,1,0.0,,0.1,1.0
bm25,B2,C016,personal_monitoring,10,5,4.333333333333333,0.3333333333333333,0.26666666666666666,0.43333333333333335,0.23333333333333334
bm25,B2,C017,behavior_and_context,11,2,4.666666666666667,0.06060606060606061,0.0,0.4666666666666667,0.85
bm25,B2,C017,measurement_quality,1,0,0.6666666666666666,0.6666666666666666,,0.06666666666666667,0.0
bm25,B2,C017,personal_monitoring,10,8,4.666666666666667,0.4,0.5,0.4666666666666667,0.13333333333333333
bm25,B2,C018,behavior_and_context,8,2,4.333333333333333,0.041666666666666664,0.16666666666666666,0.43333333333333335,0.9333333333333333
bm25,B2,C018,measurement_quality,4,0,1,0.0,,0.1,1.0
bm25,B2,C018,personal_monitoring,9,1,4.666666666666667,0.4074074074074074,0.0,0.4666666666666667,0.21666666666666667
bm25,B2,C019,behavior_and_context,14,5,6,0.19047619047619047,0.4,0.6,0.546031746031746
bm25,B2,C019,measurement_quality,2,1,1,0.5,0.6666666666666666,0.1,0.0
bm25,B2,C019,personal_monitoring,8,0,3,0.2916666666666667,,0.3,0.2777777777777778
bm25,B2,C020,behavior_and_context,12,3,6,0.05555555555555555,0.1111111111111111,0.6,0.8857142857142857
bm25,B2,C020,measurement_quality,4,0,2,0.4166666666666667,,0.2,0.16666666666666666
bm25,B2,C020,personal_monitoring,10,8,2,0.2,0.25,0.2,0.0
bm25,B2,C021,behavior_and_context,9,4,6.333333333333333,0.2222222222222222,0.5,0.6333333333333333,0.6296296296296297
bm25,B2,C021,measurement_quality,2,0,1,0.16666666666666666,,0.1,0.75
bm25,B2,C021,personal_monitoring,10,3,2.6666666666666665,0.16666666666666666,0.2222222222222222,0.26666666666666666,0.7222222222222222
bm25,B2,C022,behavior_and_context,14,2,4.333333333333333,0.0,0.0,0.4333333333333333,1.0
bm25,B2,C022,measurement_quality,5,0,1,0.0,,0.1,1.0
bm25,B2,C022,personal_monitoring,11,5,4.666666666666667,0.4242424242424242,0.39999999999999997,0.4666666666666667,0.0
bm25,B2,C023,behavior_and_context,16,3,5.666666666666667,0.1875,0.5555555555555556,0.5666666666666667,0.47500000000000003
bm25,B2,C023,measurement_quality,4,0,2.3333333333333335,0.3333333333333333,,0.23333333333333334,0.7333333333333334
bm25,B2,C023,personal_monitoring,10,1,2,0.16666666666666669,0.0,0.2,0.3333333333333333
bm25,B2,C024,behavior_and_context,11,2,5.666666666666667,0.06060606060606061,0.0,0.5666666666666667,0.8666666666666667
bm25,B2,C024,measurement_quality,6,0,0.3333333333333333,0.0,,0.03333333333333333,1.0
bm25,B2,C024,personal_monitoring,11,6,4,0.36363636363636365,0.2777777777777778,0.4,0.0
bm25,B3,C001,behavior_and_context,12,4,6,0.19444444444444442,0.25,0.6,0.5746031746031746
bm25,B3,C001,measurement_quality,1,0,1,1.0,,0.1,0.0
bm25,B3,C001,personal_monitoring,10,0,3,0.2,,0.3,0.3611111111111111
bm25,B3,C002,behavior_and_context,10,2,6,0.06666666666666667,0.3333333333333333,0.6,0.888888888888889
bm25,B3,C002,measurement_quality,4,1,1.3333333333333333,0.3333333333333333,1.0,0.13333333333333333,0.0
bm25,B3,C002,personal_monitoring,9,0,2.6666666666666665,0.25925925925925924,,0.26666666666666666,0.1111111111111111
bm25,B3,C003,behavior_and_context,9,3,6.333333333333333,0.1111111111111111,0.1111111111111111,0.6333333333333333,0.8571428571428571
bm25,B3,C003,measurement_quality,4,0,1.3333333333333333,0.25,,0.13333333333333333,0.16666666666666666
bm25,B3,C003,personal_monitoring,6,0,2.3333333333333335,0.1111111111111111,,0.23333333333333334,0.7222222222222222
bm25,B3,C004,behavior_and_context,6,1,4.333333333333333,0.1111111111111111,0.3333333333333333,0.43333333333333335,0.8333333333333334
bm25,B3,C004,measurement_quality,3,0,1,0.1111111111111111,,0.1,0.75
bm25,B3,C004,personal_monitoring,9,6,4.666666666666667,0.4444444444444444,0.5555555555555556,0.4666666666666667,0.13333333333333333
bm25,B3,C005,behavior_and_context,12,4,8.333333333333334,0.16666666666666666,0.4166666666666667,0.8333333333333334,0.7592592592592593
bm25,B3,C005,measurement_quality,3,0,1,0.3333333333333333,,0.1,0.0
bm25,B3,C005,personal_monitoring,9,0,0.6666666666666666,0.037037037037037035,,0.06666666666666667,0.5
bm25,B3,C006,behavior_and_context,10,3,3,0.06666666666666667,0.1111111111111111,0.3,0.8055555555555556
bm25,B3,C006,measurement_quality,4,0,1.3333333333333333,0.08333333333333333,,0.13333333333333333,0.8333333333333334
bm25,B3,C006,personal_monitoring,10,6,5.666666666666667,0.4666666666666667,0.5,0.5666666666666667,0.18095238095238095
bm25,B3,C007,behavior_and_context,7,1,7,0.09523809523809523,0.3333333333333333,0.7000000000000001,0.9166666666666666
bm25,B3,C007,measurement_quality,3,0,0.3333333333333333,0.1111111111111111,,0.03333333333333333,0.0
bm25,B3,C007,personal_monitoring,7,0,2.6666666666666665,0.19047619047619047,,0.26666666666666666,0.36666666666666664
bm25,B3,C008,behavior_and_context,8,2,6.333333333333333,0.08333333333333333,0.3333333333333333,0.6333333333333333,0.888888888888889
bm25,B3,C008,measurement_quality,6,1,0.6666666666666666,0.1111111111111111,0.0,0.06666666666666667,0.0
bm25,B3,C008,personal_monitoring,9,1,3,0.2222222222222222,0.0,0.3,0.3333333333333333
bm25,B3,C009,behavior_and_context,9,1,3.3333333333333335,0.14814814814814814,0.0,0.33333333333333337,0.5833333333333334
bm25,B3,C009,measurement_quality,5,0,1,0.2,,0.1,0.0
bm25,B3,C009,personal_monitoring,10,5,5.666666666666667,0.5333333333333333,0.6,0.5666666666666667,0.05555555555555555
bm25,B3,C010,behavior_and_context,9,2,7.333333333333333,0.1111111111111111,0.5,0.7333333333333333,0.863095238095238
bm25,B3,C010,measurement_quality,3,1,1.6666666666666667,0.5555555555555556,1.0,0.16666666666666669,0.0
bm25,B3,C010,personal_monitoring,10,3,1,0.06666666666666667,0.2222222222222222,0.1,0.25
bm25,B3,C011,behavior_and_context,8,1,6.333333333333333,0.16666666666666666,0.0,0.6333333333333333,0.7694444444444445
bm25,B3,C011,measurement_quality,4,0,2,0.3333333333333333,,0.2,0.2777777777777778
bm25,B3,C011,personal_monitoring,10,4,1.6666666666666667,0.13333333333333333,0.25,0.16666666666666669,0.16666666666666666
bm25,B3,C012,behavior_and_context,17,2,4.666666666666667,0.058823529411764705,0.0,0.4666666666666667,0.8111111111111111
bm25,B3,C012,measurement_quality,4,1,1,0.08333333333333333,0.3333333333333333,0.1,0.75
bm25,B3,C012,personal_monitoring,10,9,4.333333333333333,0.33333333333333337,0.37037037037037035,0.43333333333333335,0.28888888888888886
bm25,B3,C013,behavior_and_context,10,3,7,0.1,0.0,0.7,0.8611111111111112
bm25,B3,C013,measurement_quality,2,0,1,0.5,,0.1,0.0
bm25,B3,C013,personal_monitoring,9,3,2,0.18518518518518517,0.0,0.2,0.1111111111111111
bm25,B3,C014,behavior_and_context,14,1,6.666666666666667,0.11904761904761904,0.3333333333333333,0.6666666666666666,0.7357142857142857
bm25,B3,C014,measurement_quality,2,0,1,0.5,,0.1,0.0
bm25,B3,C014,personal_monitoring,10,1,2.3333333333333335,0.23333333333333334,0.0,0.23333333333333334,0.0
bm25,B3,C015,behavior_and_context,20,6,7.666666666666667,0.11666666666666667,0.16666666666666666,0.7666666666666666,0.708994708994709
bm25,B3,C015,measurement_quality,5,0,1.3333333333333333,0.26666666666666666,,0.13333333333333333,0.0
bm25,B3,C015,personal_monitoring,10,0,1,0.03333333333333333,,0.1,0.6666666666666666
bm25,B3,C016,behavior_and_context,11,2,6,0.09090909090909091,0.0,0.6,0.8611111111111112
bm25,B3,C016,measurement_quality,3,0,2.3333333333333335,0.3333333333333333,,0.23333333333333334,0.5555555555555556
bm25,B3,C016,personal_monitoring,10,5,1.6666666666666667,0.16666666666666666,0.2,0.16666666666666666,0.0
bm25,B3,C017,behavior_and_context,11,2,5,0.15151515151515152,0.0,0.5,0.6722222222222222
bm25,B3,C017,measurement_quality,1,0,1.3333333333333333,0.3333333333333333,,0.13333333333333333,0.8333333333333334
bm25,B3,C017,personal_monitoring,10,8,3.6666666666666665,0.3,0.375,0.3666666666666667,0.19444444444444445
bm25,B3,C018,behavior_and_context,8,2,7.666666666666667,0.08333333333333333,0.0,0.7666666666666667,0.9259259259259259
bm25,B3,C018,measurement_quality,4,0,1,0.16666666666666666,,0.1,0.25
bm25,B3,C018,personal_monitoring,9,1,1.3333333333333333,0.14814814814814814,0.0,0.13333333333333333,0.0
bm25,B3,C019,behavior_and_context,14,5,6,0.047619047619047616,0.06666666666666667,0.6,0.9166666666666666
bm25,B3,C019,measurement_quality,2,1,1.6666666666666667,0.6666666666666666,0.3333333333333333,0.16666666666666666,0.1111111111111111
bm25,B3,C019,personal_monitoring,8,0,2.3333333333333335,0.16666666666666666,,0.23333333333333334,0.3333333333333333
bm25,B3,C020,behavior_and_context,12,3,6.333333333333333,0.08333333333333333,0.0,0.6333333333333333,0.8412698412698413
bm25,B3,C020,measurement_quality,4,0,1.6666666666666667,0.3333333333333333,,0.16666666666666669,0.16666666666666666
bm25,B3,C020,personal_monitoring,10,8,2,0.2,0.16666666666666666,0.2,0.0
bm25,B3,C021,behavior_and_context,9,4,7,0.14814814814814814,0.25,0.7,0.8273809523809523
bm25,B3,C021,measurement_quality,2,0,1.3333333333333333,0.5,,0.13333333333333333,0.16666666666666666
bm25,B3,C021,personal_monitoring,10,3,1.6666666666666667,0.1,0.2222222222222222,0.16666666666666666,0.4444444444444444
bm25,B3,C022,behavior_and_context,14,2,2.6666666666666665,0.09523809523809523,0.16666666666666666,0.26666666666666666,0.3333333333333333
bm25,B3,C022,measurement_quality,5,0,1,0.13333333333333333,,0.1,0.5
bm25,B3,C022,personal_monitoring,11,5,6.333333333333333,0.5757575757575758,0.5333333333333333,0.6333333333333333,0.0
bm25,B3,C023,behavior_and_context,16,3,7,0.10416666666666667,0.2222222222222222,0.7,0.7857142857142857
bm25,B3,C023,measurement_quality,4,0,2,0.4166666666666667,,0.2,0.1111111111111111
bm25,B3,C023,personal_monitoring,10,1,1,0.03333333333333333,0.0,0.1,0.75
bm25,B3,C024,behavior_and_context,11,2,1.6666666666666667,0.0,0.0,0.16666666666666666,1.0
bm25,B3,C024,measurement_quality,6,0,1,0.05555555555555555,,0.1,0.75
bm25,B3,C024,personal_monitoring,11,6,7.333333333333333,0.6666666666666666,0.6666666666666666,0.7333333333333333,0.0
bm25,B4,C001,behavior_and_context,12,4,6,0.0,0.0,0.6,1.0
bm25,B4,C001,measurement_quality,1,0,2,1.0,,0.2,0.5
bm25,B4,C001,personal_monitoring,10,0,2,0.2,,0.2,0.0
bm25,B4,C002,behavior_and_context,10,2,6,0.0,0.0,0.6,1.0
bm25,B4,C002,measurement_quality,4,1,2,0.25,0.0,0.2,0.5
bm25,B4,C002,personal_monitoring,9,0,2,0.2222222222222222,,0.2,0.0
bm25,B4,C003,behavior_and_context,9,3,6,0.0,0.0,0.6,1.0
bm25,B4,C003,measurement_quality,4,0,2,0.25,,0.2,0.5
bm25,B4,C003,personal_monitoring,6,0,2,0.16666666666666666,,0.2,0.5
bm25,B4,C004,behavior_and_context,6,1,6,0.0,0.0,0.6,1.0
bm25,B4,C004,measurement_quality,3,0,2,0.3333333333333333,,0.2,0.5
bm25,B4,C004,personal_monitoring,9,6,2,0.2222222222222222,0.3333333333333333,0.2,0.0
bm25,B4,C005,behavior_and_context,12,4,6,0.0,0.0,0.6,1.0
bm25,B4,C005,measurement_quality,3,0,2,0.3333333333333333,,0.2,0.5
bm25,B4,C005,personal_monitoring,9,0,2,0.2222222222222222,,0.2,0.0
bm25,B4,C006,behavior_and_context,10,3,6,0.0,0.0,0.6,1.0
bm25,B4,C006,measurement_quality,4,0,2,0.25,,0.2,0.5
bm25,B4,C006,personal_monitoring,10,6,2,0.2,0.3333333333333333,0.2,0.0
bm25,B4,C007,behavior_and_context,7,1,6,0.0,0.0,0.6,1.0
bm25,B4,C007,measurement_quality,3,0,2,0.3333333333333333,,0.2,0.5
bm25,B4,C007,personal_monitoring,7,0,2,0.2857142857142857,,0.2,0.0
bm25,B4,C008,behavior_and_context,8,2,6,0.0,0.0,0.6,1.0
bm25,B4,C008,measurement_quality,6,1,2,0.16666666666666666,0.0,0.2,0.5
bm25,B4,C008,personal_monitoring,9,1,2,0.2222222222222222,0.0,0.2,0.0
bm25,B4,C009,behavior_and_context,9,1,6,0.0,0.0,0.6,1.0
bm25,B4,C009,measurement_quality,5,0,2,0.2,,0.2,0.5
bm25,B4,C009,personal_monitoring,10,5,2,0.2,0.4,0.2,0.0
bm25,B4,C010,behavior_and_context,9,2,6,0.0,0.0,0.6,1.0
bm25,B4,C010,measurement_quality,3,1,2,0.3333333333333333,0.0,0.2,0.5
bm25,B4,C010,personal_monitoring,10,3,2,0.2,0.6666666666666666,0.2,0.0
bm25,B4,C011,behavior_and_context,8,1,6,0.0,0.0,0.6,1.0
bm25,B4,C011,measurement_quality,4,0,2,0.25,,0.2,0.5
bm25,B4,C011,personal_monitoring,10,4,2,0.2,0.25,0.2,0.0
bm25,B4,C012,behavior_and_context,17,2,6,0.0,0.0,0.6,1.0
bm25,B4,C012,measurement_quality,4,1,2,0.25,1.0,0.2,0.5
bm25,B4,C012,personal_monitoring,10,9,2,0.2,0.2222222222222222,0.2,0.0
bm25,B4,C013,behavior_and_context,10,3,6,0.0,0.0,0.6,1.0
bm25,B4,C013,measurement_quality,2,0,2,0.5,,0.2,0.5
bm25,B4,C013,personal_monitoring,9,3,2,0.2222222222222222,0.3333333333333333,0.2,0.0
bm25,B4,C014,behavior_and_context,14,1,6,0.0,0.0,0.6,1.0
bm25,B4,C014,measurement_quality,2,0,2,0.5,,0.2,0.5
bm25,B4,C014,personal_monitoring,10,1,2,0.2,0.0,0.2,0.0
bm25,B4,C015,behavior_and_context,20,6,6,0.0,0.0,0.6,1.0
bm25,B4,C015,measurement_quality,5,0,2,0.2,,0.2,0.5
bm25,B4,C015,personal_monitoring,10,0,2,0.2,,0.2,0.0
bm25,B4,C016,behavior_and_context,11,2,6,0.0,0.0,0.6,1.0
bm25,B4,C016,measurement_quality,3,0,2,0.3333333333333333,,0.2,0.5
bm25,B4,C016,personal_monitoring,10,5,2,0.2,0.2,0.2,0.0
bm25,B4,C017,behavior_and_context,11,2,6,0.0,0.0,0.6,1.0
bm25,B4,C017,measurement_quality,1,0,2,1.0,,0.2,0.5
bm25,B4,C017,personal_monitoring,10,8,2,0.2,0.25,0.2,0.0
bm25,B4,C018,behavior_and_context,8,2,6,0.0,0.0,0.6,1.0
bm25,B4,C018,measurement_quality,4,0,2,0.25,,0.2,0.5
bm25,B4,C018,personal_monitoring,9,1,2,0.2222222222222222,0.0,0.2,0.0
bm25,B4,C019,behavior_and_context,14,5,6,0.0,0.0,0.6,1.0
bm25,B4,C019,measurement_quality,2,1,2,0.5,0.0,0.2,0.5
bm25,B4,C019,personal_monitoring,8,0,2,0.25,,0.2,0.0
bm25,B4,C020,behavior_and_context,12,3,6,0.0,0.0,0.6,1.0
bm25,B4,C020,measurement_quality,4,0,2,0.25,,0.2,0.5
bm25,B4,C020,personal_monitoring,10,8,2,0.2,0.25,0.2,0.0
bm25,B4,C021,behavior_and_context,9,4,6,0.0,0.0,0.6,1.0
bm25,B4,C021,measurement_quality,2,0,2,0.5,,0.2,0.5
bm25,B4,C021,personal_monitoring,10,3,2,0.2,0.3333333333333333,0.2,0.0
bm25,B4,C022,behavior_and_context,14,2,6,0.0,0.0,0.6,1.0
bm25,B4,C022,measurement_quality,5,0,2,0.2,,0.2,0.5
bm25,B4,C022,personal_monitoring,11,5,2,0.18181818181818182,0.2,0.2,0.0
bm25,B4,C023,behavior_and_context,16,3,6,0.0,0.0,0.6,1.0
bm25,B4,C023,measurement_quality,4,0,2,0.25,,0.2,0.5
bm25,B4,C023,personal_monitoring,10,1,2,0.2,0.0,0.2,0.0
bm25,B4,C024,behavior_and_context,11,2,6,0.0,0.0,0.6,1.0
bm25,B4,C024,measurement_quality,6,0,2,0.16666666666666666,,0.2,0.5
bm25,B4,C024,personal_monitoring,11,6,2,0.18181818181818182,0.16666666666666666,0.2,0.0
dense,B1,C001,behavior_and_context,12,4,5.666666666666667,0.19444444444444445,0.3333333333333333,0.5666666666666667,0.5777777777777777
dense,B1,C001,measurement_quality,1,0,1.3333333333333333,0.3333333333333333,,0.13333333333333333,0.8333333333333334
dense,B1,C001,personal_monitoring,10,0,3,0.2,,0.3,0.3611111111111111
dense,B1,C002,behavior_and_context,10,2,3.6666666666666665,0.13333333333333333,0.16666666666666666,0.36666666666666664,0.611111111111111
dense,B1,C002,measurement_quality,4,1,1,0.0,0.0,0.1,1.0
dense,B1,C002,personal_monitoring,9,0,5.333333333333333,0.48148148148148145,,0.5333333333333333,0.21428571428571427
dense,B1,C003,behavior_and_context,9,3,7.333333333333333,0.4074074074074074,0.6666666666666666,0.7333333333333333,0.494047619047619
dense,B1,C003,measurement_quality,4,0,1,0.25,,0.1,0.0
dense,B1,C003,personal_monitoring,6,0,1.6666666666666667,0.0,,0.16666666666666669,1.0
dense,B1,C004,behavior_and_context,6,1,4,0.3333333333333333,1.0,0.4,0.39999999999999997
dense,B1,C004,measurement_quality,3,0,1,0.0,,0.1,1.0
dense,B1,C004,personal_monitoring,9,6,5,0.4444444444444444,0.3888888888888889,0.5,0.21428571428571427
dense,B1,C005,behavior_and_context,12,4,6.666666666666667,0.2777777777777778,0.3333333333333333,0.6666666666666666,0.5
dense,B1,C005,measurement_quality,3,0,1,0.0,,0.1,1.0
dense,B1,C005,personal_monitoring,9,0,2.3333333333333335,0.14814814814814814,,0.23333333333333334,0.4444444444444444
dense,B1,C006,behavior_and_context,10,3,6,0.2,0.6666666666666666,0.6,0.6603174603174603
dense,B1,C006,measurement_quality,4,0,1,0.0,,0.1,1.0
dense,B1,C006,personal_monitoring,10,6,3,0.2,0.1111111111111111,0.3,0.3611111111111111
dense,B1,C007,behavior_and_context,7,1,7,0.2857142857142857,1.0,0.7,0.7103174603174603
dense,B1,C007,measurement_quality,3,0,0.6666666666666666,0.1111111111111111,,0.06666666666666667,0.5
dense,B1,C007,personal_monitoring,7,0,2.3333333333333335,0.19047619047619047,,0.23333333333333334,0.4444444444444444
dense,B1,C008,behavior_and_context,8,2,4.333333333333333,0.16666666666666666,0.16666666666666666,0.43333333333333335,0.7
dense,B1,C008,measurement_quality,6,1,1,0.16666666666666666,0.0,0.1,0.0
dense,B1,C008,personal_monitoring,9,1,4.666666666666667,0.4074074074074074,0.0,0.4666666666666667,0.21666666666666667
dense,B1,C009,behavior_and_context,9,1,3.6666666666666665,0.2962962962962963,0.6666666666666666,0.3666666666666667,0.2777777777777778
dense,B1,C009,measurement_quality,5,0,1,0.0,,0.1,1.0
dense,B1,C009,personal_monitoring,10,5,5.333333333333333,0.5333333333333333,0.5333333333333333,0.5333333333333333,0.0
dense,B1,C010,behavior_and_context,9,2,4.333333333333333,0.18518518518518517,0.3333333333333333,0.43333333333333335,0.5888888888888889
dense,B1,C010,measurement_quality,3,1,1,0.0,0.0,0.1,1.0
dense,B1,C010,personal_monitoring,10,3,4.666666666666667,0.39999999999999997,0.3333333333333333,0.4666666666666667,0.19444444444444445
dense,B1,C011,behavior_and_context,8,1,5.333333333333333,0.25,1.0,0.5333333333333333,0.6047619047619047
dense,B1,C011,measurement_quality,4,0,1,0.0,,0.1,1.0
dense,B1,C011,personal_monitoring,10,4,3.6666666666666665,0.26666666666666666,0.25,0.3666666666666667,0.31666666666666665
dense,B1,C012,behavior_and_context,17,2,5.333333333333333,0.17647058823529413,0.5,0.5333333333333333,0.4166666666666667
dense,B1,C012,measurement_quality,4,1,1,0.0,0.0,0.1,1.0
dense,B1,C012,personal_monitoring,10,9,3.6666666666666665,0.3,0.3333333333333333,0.36666666666666664,0.2222222222222222
dense,B1,C013,behavior_and_context,10,3,6.333333333333333,0.3666666666666667,0.5555555555555556,0.6333333333333333,0.42063492063492064
dense,B1,C013,measurement_quality,2,0,0.6666666666666666,0.0,,0.06666666666666667,1.0
dense,B1,C013,personal_monitoring,9,3,3,0.2222222222222222,0.3333333333333333,0.3,0.3333333333333333
dense,B1,C014,behavior_and_context,14,1,6,0.16666666666666666,1.0,0.6,0.611111111111111
dense,B1,C014,measurement_quality,2,0,1,0.0,,0.1,1.0
dense,B1,C014,personal_monitoring,10,1,3,0.23333333333333334,0.0,0.3,0.2222222222222222
dense,B1,C015,behavior_and_context,20,6,6.333333333333333,0.16666666666666666,0.2777777777777778,0.6333333333333333,0.4666666666666667
dense,B1,C015,measurement_quality,5,0,0.6666666666666666,0.13333333333333333,,0.06666666666666667,0.0
dense,B1,C015,personal_monitoring,10,0,3,0.26666666666666666,,0.3,0.16666666666666666
dense,B1,C016,behavior_and_context,11,2,5.666666666666667,0.2424242424242424,0.5,0.5666666666666667,0.5333333333333333
dense,B1,C016,measurement_quality,3,0,1,0.0,,0.1,1.0
dense,B1,C016,personal_monitoring,10,5,3.3333333333333335,0.26666666666666666,0.33333333333333337,0.3333333333333333,0.19444444444444445
dense,B1,C017,behavior_and_context,11,2,6.333333333333333,0.18181818181818182,0.5,0.6333333333333333,0.6825396825396826
dense,B1,C017,measurement_quality,1,0,1,0.0,,0.1,1.0
dense,B1,C017,personal_monitoring,10,8,2.6666666666666665,0.2,0.25,0.26666666666666666,0.2222222222222222
dense,B1,C018,behavior_and_context,8,2,5.666666666666667,0.25,0.5,0.5666666666666667,0.638095238095238
dense,B1,C018,measurement_quality,4,0,1,0.0,,0.1,1.0
dense,B1,C018,personal_monitoring,9,1,3.3333333333333335,0.2222222222222222,0.0,0.33333333333333337,0.3333333333333333
dense,B1,C019,behavior_and_context,14,5,6.333333333333333,0.23809523809523808,0.3333333333333333,0.6333333333333333,0.46825396825396826
dense,B1,C019,measurement_quality,2,1,1.3333333333333333,0.16666666666666666,0.0,0.13333333333333333,0.8333333333333334
dense,B1,C019,personal_monitoring,8,0,2.3333333333333335,0.16666666666666666,,0.23333333333333334,0.4444444444444444
dense,B1,C020,behavior_and_context,12,3,6,0.19444444444444445,0.4444444444444444,0.6,0.6126984126984126
dense,B1,C020,measurement_quality,4,0,1,0.0,,0.1,1.0
dense,B1,C020,personal_monitoring,10,8,3,0.23333333333333334,0.2916666666666667,0.3,0.19444444444444445
dense,B1,C021,behavior_and_context,9,4,7.333333333333333,0.2222222222222222,0.5,0.7333333333333333,0.7261904761904762
dense,B1,C021,measurement_quality,2,0,1,0.3333333333333333,,0.1,0.25
dense,B1,C021,personal_monitoring,10,3,1.6666666666666667,0.1,0.0,0.16666666666666669,0.3333333333333333
dense,B1,C022,behavior_and_context,14,2,3.6666666666666665,0.16666666666666666,0.3333333333333333,0.3666666666666667,0.3611111111111111
dense,B1,C022,measurement_quality,5,0,0.6666666666666666,0.0,,0.06666666666666667,1.0
dense,B1,C022,personal_monitoring,11,5,5.666666666666667,0.45454545454545453,0.3333333333333333,0.5666666666666667,0.13333333333333333
dense,B1,C023,behavior_and_context,16,3,7,0.20833333333333334,0.3333333333333333,0.7,0.5238095238095238
dense,B1,C023,measurement_quality,4,0,0.6666666666666666,0.0,,0.06666666666666667,1.0
dense,B1,C023,personal_monitoring,10,1,2.3333333333333335,0.13333333333333333,0.0,0.23333333333333334,0.4444444444444444
dense,B1,C024,behavior_and_context,11,2,4,0.18181818181818182,0.5,0.4,0.47777777777777775
dense,B1,C024,measurement_quality,6,0,0.6666666666666666,0.1111111111111111,,0.06666666666666667,0.0
dense,B1,C024,personal_monitoring,11,6,5.333333333333333,0.48484848484848486,0.3333333333333333,0.5333333333333333,0.0
dense,B2,C001,behavior_and_context,12,4,5.666666666666667,0.25,0.5,0.5666666666666667,0.47777777777777775
dense,B2,C001,measurement_quality,1,0,1.3333333333333333,0.6666666666666666,,0.13333333333333333,0.5
dense,B2,C001,personal_monitoring,10,0,3,0.2,,0.3,0.3611111111111111
dense,B2,C002,behavior_and_context,10,2,4.333333333333333,0.23333333333333334,0.6666666666666666,0.43333333333333335,0.4666666666666667
dense,B2,C002,measurement_quality,4,1,2,0.25,0.6666666666666666,0.2,0.6111111111111112
dense,B2,C002,personal_monitoring,9,0,3.6666666666666665,0.25925925925925924,,0.36666666666666664,0.35555555555555557
dense,B2,C003,behavior_and_context,9,3,5.666666666666667,0.3333333333333333,0.3333333333333333,0.5666666666666667,0.43253968253968256
dense,B2,C003,measurement_quality,4,0,0.6666666666666666,0.16666666666666666,,0.06666666666666667,0.0
dense,B2,C003,personal_monitoring,6,0,3.6666666666666665,0.16666666666666666,,0.36666666666666664,0.7555555555555555
dense,B2,C004,behavior_and_context,6,1,2,0.2777777777777778,0.6666666666666666,0.2,0.16666666666666666
dense,B2,C004,measurement_quality,3,0,1,0.0,,0.1,1.0
dense,B2,C004,personal_monitoring,9,6,7,0.6666666666666666,0.5,0.7,0.14285714285714285
dense,B2,C005,behavior_and_context,12,4,6.666666666666667,0.2777777777777778,0.5,0.6666666666666666,0.5
dense,B2,C005,measurement_quality,3,0,1,0.1111111111111111,,0.1,0.6666666666666666
dense,B2,C005,personal_monitoring,9,0,2.3333333333333335,0.18518518518518517,,0.23333333333333334,0.2222222222222222
dense,B2,C006,behavior_and_context,10,3,4,0.16666666666666669,0.5555555555555556,0.39999999999999997,0.5555555555555556
dense,B2,C006,measurement_quality,4,0,1,0.0,,0.1,1.0
dense,B2,C006,personal_monitoring,10,6,5,0.4,0.2222222222222222,0.5,0.2222222222222222
dense,B2,C007,behavior_and_context,7,1,6.333333333333333,0.3333333333333333,0.6666666666666666,0.6333333333333333,0.6285714285714286
dense,B2,C007,measurement_quality,3,0,1,0.2222222222222222,,0.1,0.3333333333333333
dense,B2,C007,personal_monitoring,7,0,2.6666666666666665,0.19047619047619047,,0.26666666666666666,0.5
dense,B2,C008,behavior_and_context,8,2,3,0.20833333333333334,0.3333333333333333,0.3,0.4444444444444444
dense,B2,C008,measurement_quality,6,1,1,0.16666666666666666,0.0,0.1,0.0
dense,B2,C008,personal_monitoring,9,1,6,0.4814814814814815,0.0,0.6,0.2841269841269841
dense,B2,C009,behavior_and_context,9,1,2.6666666666666665,0.2222222222222222,0.0,0.26666666666666666,0.2222222222222222
dense,B2,C009,measurement_quality,5,0,0.3333333333333333,0.06666666666666667,,0.03333333333333333,0.0
dense,B2,C009,personal_monitoring,10,5,7,0.6666666666666666,0.6,0.7,0.047619047619047616
dense,B2,C010,behavior_and_context,9,2,4.666666666666667,0.25925925925925924,0.3333333333333333,0.4666666666666667,0.4666666666666667
dense,B2,C010,measurement_quality,3,1,2,0.3333333333333333,0.6666666666666666,0.2,0.6111111111111112
dense,B2,C010,personal_monitoring,10,3,3.3333333333333335,0.23333333333333334,0.3333333333333333,0.3333333333333333,0.3055555555555555
dense,B2,C011,behavior_and_context,8,1,5,0.25,1.0,0.5,0.5888888888888889
dense,B2,C011,measurement_quality,4,0,0.6666666666666666,0.0,,0.06666666666666667,1.0
dense,B2,C011,personal_monitoring,10,4,4.333333333333333,0.3333333333333333,0.4166666666666667,0.43333333333333335,0.25
dense,B2,C012,behavior_and_context,17,2,6,0.17647058823529413,0.5,0.6,0.5
dense,B2,C012,measurement_quality,4,1,1,0.0,0.0,0.1,1.0
dense,B2,C012,personal_monitoring,10,9,3,0.2,0.2222222222222222,0.3,0.3333333333333333
dense,B2,C013,behavior_and_context,10,3,5,0.3666666666666667,0.4444444444444444,0.5,0.23333333333333334
dense,B2,C013,measurement_quality,2,0,1,0.3333333333333333,,0.1,0.3333333333333333
dense,B2,C013,personal_monitoring,9,3,4,0.37037037037037035,0.3333333333333333,0.4,0.15
dense,B2,C014,behavior_and_context,14,1,3.3333333333333335,0.11904761904761904,0.3333333333333333,0.3333333333333333,0.5
dense,B2,C014,measurement_quality,2,0,1,0.0,,0.1,1.0
dense,B2,C014,personal_monitoring,10,1,5.666666666666667,0.4666666666666667,0.0,0.5666666666666667,0.17777777777777778
dense,B2,C015,behavior_and_context,20,6,5.666666666666667,0.21666666666666667,0.3888888888888889,0.5666666666666667,0.20634920634920634
dense,B2,C015,measurement_quality,5,0,1,0.2,,0.1,0.0
dense,B2,C015,personal_monitoring,10,0,3.3333333333333335,0.23333333333333334,,0.3333333333333333,0.34444444444444444
dense,B2,C016,behavior_and_context,11,2,4,0.12121212121212122,0.16666666666666666,0.4,0.6666666666666666
dense,B2,C016,measurement_quality,3,0,1,0.0,,0.1,1.0
dense,B2,C016,personal_monitoring,10,5,5,0.4,0.33333333333333337,0.5,0.2
dense,B2,C017,behavior_and_context,11,2,4,0.15151515151515152,0.3333333333333333,0.4,0.5888888888888889
dense,B2,C017,measurement_quality,1,0,1,0.0,,0.1,1.0
dense,B2,C017,personal_monitoring,10,8,5,0.4,0.4583333333333333,0.5,0.20555555555555555
dense,B2,C018,behavior_and_context,8,2,4,0.16666666666666666,0.16666666666666666,0.4,0.6722222222222222
dense,B2,C018,measurement_quality,4,0,1,0.0,,0.1,1.0
dense,B2,C018,personal_monitoring,9,1,5,0.37037037037037035,0.0,0.5,0.34444444444444444
dense,B2,C019,behavior_and_context,14,5,6.666666666666667,0.2857142857142857,0.4,0.6666666666666666,0.40476190476190477
dense,B2,C019,measurement_quality,2,1,1,0.0,0.0,0.1,1.0
dense,B2,C019,personal_monitoring,8,0,2.3333333333333335,0.16666666666666666,,0.23333333333333334,0.4444444444444444
dense,B2,C020,behavior_and_context,12,3,4,0.1388888888888889,0.1111111111111111,0.4,0.6055555555555555
dense,B2,C020,measurement_quality,4,0,1.3333333333333333,0.08333333333333333,,0.13333333333333333,0.8333333333333334
dense,B2,C020,personal_monitoring,10,8,4.666666666666667,0.4,0.375,0.4666666666666667,0.17777777777777778
dense,B2,C021,behavior_and_context,9,4,6.333333333333333,0.25925925925925924,0.5,0.6333333333333333,0.6488095238095238
dense,B2,C021,measurement_quality,2,0,1,0.3333333333333333,,0.1,0.3333333333333333
dense,B2,C021,personal_monitoring,10,3,2.6666666666666665,0.2,0.1111111111111111,0.26666666666666666,0.23333333333333334
dense,B2,C022,behavior_and_context,14,2,3.3333333333333335,0.16666666666666666,0.5,0.33333333333333337,0.3333333333333333
dense,B2,C022,measurement_quality,5,0,0.6666666666666666,0.0,,0.06666666666666667,1.0
dense,B2,C022,personal_monitoring,11,5,6,0.5151515151515151,0.4666666666666667,0.6,0.05555555555555555
dense,B2,C023,behavior_and_context,16,3,6.333333333333333,0.2708333333333333,0.4444444444444444,0.6333333333333333,0.2814814814814815
dense,B2,C023,measurement_quality,4,0,0.6666666666666666,0.0,,0.06666666666666667,1.0
dense,B2,C023,personal_monitoring,10,1,3,0.26666666666666666,0.0,0.30000000000000004,0.08333333333333333
dense,B2,C024,behavior_and_context,11,2,2.6666666666666665,0.12121212121212122,0.16666666666666666,0.26666666666666666,0.36666666666666664
dense,B2,C024,measurement_quality,6,0,1,0.16666666666666666,,0.1,0.0
dense,B2,C024,personal_monitoring,11,6,6.333333333333333,0.5757575757575757,0.4444444444444444,0.6333333333333333,0.0
dense,B3,C001,behavior_and_context,12,4,7,0.3055555555555556,0.5833333333333334,0.7,0.46296296296296297
dense,B3,C001,measurement_quality,1,0,1.3333333333333333,0.3333333333333333,,0.13333333333333333,0.8333333333333334
dense,B3,C001,personal_monitoring,10,0,1.6666666666666667,0.13333333333333333,,0.16666666666666666,0.25
dense,B3,C002,behavior_and_context,10,2,7.333333333333333,0.23333333333333334,0.8333333333333334,0.7333333333333333,0.6845238095238095
dense,B3,C002,measurement_quality,4,1,1.3333333333333333,0.08333333333333333,0.3333333333333333,0.13333333333333333,0.8333333333333334
dense,B3,C002,personal_monitoring,9,0,1.3333333333333333,0.1111111111111111,,0.13333333333333333,0.16666666666666666
dense,B3,C003,behavior_and_context,9,3,7.666666666666667,0.4074074074074074,0.6666666666666666,0.7666666666666667,0.5178571428571428
dense,B3,C003,measurement_quality,4,0,0.6666666666666666,0.16666666666666666,,0.06666666666666667,0.0
dense,B3,C003,personal_monitoring,6,0,1.6666666666666667,0.0,,0.16666666666666669,1.0
dense,B3,C004,behavior_and_context,6,1,5,0.3333333333333333,0.3333333333333333,0.5,0.5888888888888889
dense,B3,C004,measurement_quality,3,0,1,0.1111111111111111,,0.1,0.75
dense,B3,C004,personal_monitoring,9,6,4,0.4074074074074074,0.2222222222222222,0.4,0.05555555555555555
dense,B3,C005,behavior_and_context,12,4,9,0.4166666666666667,0.8333333333333334,0.9,0.4361111111111111
dense,B3,C005,measurement_quality,3,0,0,0.0,,0.0,
dense,B3,C005,personal_monitoring,9,0,1,0.037037037037037035,,0.1,0.75
dense,B3,C006,behavior_and_context,10,3,5.666666666666667,0.16666666666666666,0.4444444444444444,0.5666666666666667,0.7083333333333334
dense,B3,C006,measurement_quality,4,0,0.6666666666666666,0.0,,0.06666666666666667,1.0
dense,B3,C006,personal_monitoring,10,6,3.6666666666666665,0.3333333333333333,0.2777777777777778,0.36666666666666664,0.1111111111111111
dense,B3,C007,behavior_and_context,7,1,7.666666666666667,0.3333333333333333,0.3333333333333333,0.7666666666666667,0.7023809523809523
dense,B3,C007,measurement_quality,3,0,0.6666666666666666,0.2222222222222222,,0.06666666666666667,0.0
dense,B3,C007,personal_monitoring,7,0,1.6666666666666667,0.14285714285714285,,0.16666666666666669,0.5
dense,B3,C008,behavior_and_context,8,2,7,0.25,0.8333333333333334,0.7,0.7142857142857143
dense,B3,C008,measurement_quality,6,1,1,0.16666666666666666,0.0,0.1,0.0
dense,B3,C008,personal_monitoring,9,1,2,0.1111111111111111,0.0,0.2,0.5
dense,B3,C009,behavior_and_context,9,1,4.666666666666667,0.1111111111111111,0.0,0.4666666666666667,0.7833333333333333
dense,B3,C009,measurement_quality,5,0,0,0.0,,0.0,
dense,B3,C009,personal_monitoring,10,5,5.333333333333333,0.5333333333333333,0.6,0.5333333333333333,0.0
dense,B3,C010,behavior_and_context,9,2,8.333333333333334,0.2222222222222222,0.6666666666666666,0.8333333333333334,0.7546296296296297
dense,B3,C010,measurement_quality,3,1,0.3333333333333333,0.0,0.0,0.03333333333333333,1.0
dense,B3,C010,personal_monitoring,10,3,1.3333333333333333,0.13333333333333333,0.0,0.13333333333333333,0.0
dense,B3,C011,behavior_and_context,8,1,8,0.2916666666666667,0.6666666666666666,0.8,0.7037037037037037
dense,B3,C011,measurement_quality,4,0,0.3333333333333333,0.0,,0.03333333333333333,1.0
dense,B3,C011,personal_monitoring,10,4,1.6666666666666667,0.1,0.0,0.16666666666666666,0.4444444444444444
dense,B3,C012,behavior_and_context,17,2,8,0.21568627450980393,0.5,0.8,0.5363756613756614
dense,B3,C012,measurement_quality,4,1,0.3333333333333333,0.0,0.0,0.03333333333333333,1.0
dense,B3,C012,personal_monitoring,10,9,1.6666666666666667,0.13333333333333333,0.14814814814814814,0.16666666666666666,0.1111111111111111
dense,B3,C013,behavior_and_context,10,3,8.333333333333334,0.5,0.5555555555555556,0.8333333333333334,0.39351851851851855
dense,B3,C013,measurement_quality,2,0,0.3333333333333333,0.16666666666666666,,0.03333333333333333,0.0
dense,B3,C013,personal_monitoring,9,3,1.3333333333333333,0.0,0.0,0.13333333333333333,1.0
dense,B3,C014,behavior_and_context,14,1,8,0.2619047619047619,0.3333333333333333,0.8,0.546957671957672
dense,B3,C014,measurement_quality,2,0,1,0.0,,0.1,1.0
dense,B3,C014,personal_monitoring,10,1,1,0.1,0.0,0.1,0.0
dense,B3,C015,behavior_and_context,20,6,8,0.31666666666666665,0.7222222222222222,0.8,0.20833333333333334
dense,B3,C015,measurement_quality,5,0,0.3333333333333333,0.06666666666666667,,0.03333333333333333,0.0
dense,B3,C015,personal_monitoring,10,0,1.6666666666666667,0.1,,0.16666666666666669,0.3333333333333333
dense,B3,C016,behavior_and_context,11,2,7.666666666666667,0.18181818181818182,0.16666666666666666,0.7666666666666667,0.7453703703703703
dense,B3,C016,measurement_quality,3,0,1,0.0,,0.1,1.0
dense,B3,C016,personal_monitoring,10,5,1.3333333333333333,0.13333333333333333,0.06666666666666667,0.13333333333333333,0.0
dense,B3,C017,behavior_and_context,11,2,7,0.2424242424242424,0.3333333333333333,0.7,0.6130952380952381
dense,B3,C017,measurement_quality,1,0,1,0.0,,0.1,1.0
dense,B3,C017,personal_monitoring,10,8,2,0.16666666666666666,0.16666666666666666,0.2,0.16666666666666666
dense,B3,C018,behavior_and_context,8,2,6.666666666666667,0.16666666666666666,0.3333333333333333,0.6666666666666666,0.8023809523809524
dense,B3,C018,measurement_quality,4,0,0.6666666666666666,0.0,,0.06666666666666667,1.0
dense,B3,C018,personal_monitoring,9,1,2.6666666666666665,0.25925925925925924,0.0,0.26666666666666666,0.06666666666666667
dense,B3,C019,behavior_and_context,14,5,8.333333333333334,0.30952380952380953,0.4666666666666667,0.8333333333333334,0.47619047619047616
dense,B3,C019,measurement_quality,2,1,0.6666666666666666,0.0,0.0,0.06666666666666667,1.0
dense,B3,C019,personal_monitoring,8,0,1,0.08333333333333333,,0.1,0.25
dense,B3,C020,behavior_and_context,12,3,9,0.3055555555555556,0.3333333333333333,0.9,0.5972222222222222
dense,B3,C020,measurement_quality,4,0,0.3333333333333333,0.0,,0.03333333333333333,1.0
dense,B3,C020,personal_monitoring,10,8,0.6666666666666666,0.06666666666666667,0.041666666666666664,0.06666666666666667,0.0
dense,B3,C021,behavior_and_context,9,4,8,0.2962962962962963,0.6666666666666666,0.8,0.6746031746031745
dense,B3,C021,measurement_quality,2,0,0.3333333333333333,0.0,,0.03333333333333333,1.0
dense,B3,C021,personal_monitoring,10,3,1.6666666666666667,0.1,0.0,0.16666666666666669,0.5
dense,B3,C022,behavior_and_context,14,2,4,0.09523809523809523,0.0,0.39999999999999997,0.6666666666666666
dense,B3,C022,measurement_quality,5,0,1.3333333333333333,0.06666666666666667,,0.13333333333333333,0.8333333333333334
dense,B3,C022,personal_monitoring,11,5,4.666666666666667,0.4242424242424242,0.4666666666666667,0.4666666666666667,0.0
dense,B3,C023,behavior_and_context,16,3,7.333333333333333,0.2708333333333333,0.4444444444444444,0.7333333333333333,0.40476190476190477
dense,B3,C023,measurement_quality,4,0,0.3333333333333333,0.0,,0.03333333333333333,1.0
dense,B3,C023,personal_monitoring,10,1,2.3333333333333335,0.13333333333333333,0.0,0.23333333333333334,0.5555555555555556
dense,B3,C024,behavior_and_context,11,2,3.6666666666666665,0.21212121212121213,0.3333333333333333,0.3666666666666667,0.3611111111111111
dense,B3,C024,measurement_quality,6,0,0,0.0,,0.0,
dense,B3,C024,personal_monitoring,11,6,6.333333333333333,0.5757575757575757,0.5,0.6333333333333333,0.0
dense,B4,C001,behavior_and_context,12,4,3,0.16666666666666666,0.25,0.3,0.3333333333333333
dense,B4,C001,measurement_quality,1,0,1,0.0,,0.1,1.0
dense,B4,C001,personal_monitoring,10,0,6,0.6,,0.6,0.0
dense,B4,C002,behavior_and_context,10,2,3,0.2,0.5,0.3,0.3333333333333333
dense,B4,C002,measurement_quality,4,1,1,0.0,0.0,0.1,1.0
dense,B4,C002,personal_monitoring,9,0,6,0.6666666666666666,,0.6,0.0
dense,B4,C003,behavior_and_context,9,3,3,0.1111111111111111,0.0,0.3,0.6666666666666666
dense,B4,C003,measurement_quality,4,0,1,0.25,,0.1,0.0
dense,B4,C003,personal_monitoring,6,0,6,0.5,,0.6,0.5
dense,B4,C004,behavior_and_context,6,1,3,0.3333333333333333,1.0,0.3,0.3333333333333333
dense,B4,C004,measurement_quality,3,0,1,0.0,,0.1,1.0
dense,B4,C004,personal_monitoring,9,6,6,0.6666666666666666,0.5,0.6,0.0
dense,B4,C005,behavior_and_context,12,4,3,0.08333333333333333,0.0,0.3,0.6666666666666666
dense,B4,C005,measurement_quality,3,0,1,0.0,,0.1,1.0
dense,B4,C005,personal_monitoring,9,0,6,0.5555555555555556,,0.6,0.16666666666666666
dense,B4,C006,behavior_and_context,10,3,4,0.2,0.6666666666666666,0.4,0.5
dense,B4,C006,measurement_quality,4,0,1,0.0,,0.1,1.0
dense,B4,C006,personal_monitoring,10,6,5,0.5,0.3333333333333333,0.5,0.0
dense,B4,C007,behavior_and_context,7,1,4,0.2857142857142857,1.0,0.4,0.5
dense,B4,C007,measurement_quality,3,0,1,0.0,,0.1,1.0
dense,B4,C007,personal_monitoring,7,0,5,0.5714285714285714,,0.5,0.2
dense,B4,C008,behavior_and_context,8,2,3,0.25,0.5,0.3,0.3333333333333333
dense,B4,C008,measurement_quality,6,1,1,0.16666666666666666,0.0,0.1,0.0
dense,B4,C008,personal_monitoring,9,1,6,0.6666666666666666,0.0,0.6,0.0
dense,B4,C009,behavior_and_context,9,1,3,0.2222222222222222,1.0,0.3,0.3333333333333333
dense,B4,C009,measurement_quality,5,0,1,0.0,,0.1,1.0
dense,B4,C009,personal_monitoring,10,5,6,0.6,0.4,0.6,0.0
dense,B4,C010,behavior_and_context,9,2,3,0.2222222222222222,0.5,0.3,0.3333333333333333
dense,B4,C010,measurement_quality,3,1,1,0.0,0.0,0.1,1.0
dense,B4,C010,personal_monitoring,10,3,6,0.6,0.3333333333333333,0.6,0.0
dense,B4,C011,behavior_and_context,8,1,3,0.25,1.0,0.3,0.3333333333333333
dense,B4,C011,measurement_quality,4,0,1,0.0,,0.1,1.0
dense,B4,C011,personal_monitoring,10,4,6,0.6,0.75,0.6,0.0
dense,B4,C012,behavior_and_context,17,2,2,0.058823529411764705,0.0,0.2,0.5
dense,B4,C012,measurement_quality,4,1,1,0.0,0.0,0.1,1.0
dense,B4,C012,personal_monitoring,10,9,7,0.7,0.6666666666666666,0.7,0.0
dense,B4,C013,behavior_and_context,10,3,3,0.2,0.3333333333333333,0.3,0.3333333333333333
dense,B4,C013,measurement_quality,2,0,1,0.0,,0.1,1.0
dense,B4,C013,personal_monitoring,9,3,6,0.5555555555555556,0.3333333333333333,0.6,0.16666666666666666
dense,B4,C014,behavior_and_context,14,1,3,0.07142857142857142,0.0,0.3,0.6666666666666666
dense,B4,C014,measurement_quality,2,0,1,0.0,,0.1,1.0
dense,B4,C014,personal_monitoring,10,1,6,0.6,0.0,0.6,0.0
dense,B4,C015,behavior_and_context,20,6,3,0.1,0.16666666666666666,0.3,0.3333333333333333
dense,B4,C015,measurement_quality,5,0,1,0.2,,0.1,0.0
dense,B4,C015,personal_monitoring,10,0,6,0.6,,0.6,0.0
dense,B4,C016,behavior_and_context,11,2,3,0.18181818181818182,0.5,0.3,0.3333333333333333
dense,B4,C016,measurement_quality,3,0,1,0.0,,0.1,1.0
dense,B4,C016,personal_monitoring,10,5,6,0.6,0.6,0.6,0.0
dense,B4,C017,behavior_and_context,11,2,3,0.09090909090909091,0.0,0.3,0.6666666666666666
dense,B4,C017,measurement_quality,1,0,1,0.0,,0.1,1.0
dense,B4,C017,personal_monitoring,10,8,6,0.6,0.625,0.6,0.0
dense,B4,C018,behavior_and_context,8,2,3,0.25,0.5,0.3,0.3333333333333333
dense,B4,C018,measurement_quality,4,0,1,0.0,,0.1,1.0
dense,B4,C018,personal_monitoring,9,1,6,0.6666666666666666,0.0,0.6,0.0
dense,B4,C019,behavior_and_context,14,5,3,0.14285714285714285,0.2,0.3,0.3333333333333333
dense,B4,C019,measurement_quality,2,1,1,0.0,0.0,0.1,1.0
dense,B4,C019,personal_monitoring,8,0,6,0.625,,0.6,0.16666666666666666
dense,B4,C020,behavior_and_context,12,3,3,0.16666666666666666,0.3333333333333333,0.3,0.3333333333333333
dense,B4,C020,measurement_quality,4,0,1,0.0,,0.1,1.0
dense,B4,C020,personal_monitoring,10,8,6,0.6,0.625,0.6,0.0
dense,B4,C021,behavior_and_context,9,4,3,0.1111111111111111,0.25,0.3,0.6666666666666666
dense,B4,C021,measurement_quality,2,0,1,0.0,,0.1,1.0
dense,B4,C021,personal_monitoring,10,3,6,0.6,0.3333333333333333,0.6,0.0
dense,B4,C022,behavior_and_context,14,2,3,0.14285714285714285,0.5,0.3,0.3333333333333333
dense,B4,C022,measurement_quality,5,0,1,0.0,,0.1,1.0
dense,B4,C022,personal_monitoring,11,5,6,0.5454545454545454,0.4,0.6,0.0
dense,B4,C023,behavior_and_context,16,3,3,0.125,0.3333333333333333,0.3,0.3333333333333333
dense,B4,C023,measurement_quality,4,0,1,0.0,,0.1,1.0
dense,B4,C023,personal_monitoring,10,1,6,0.6,0.0,0.6,0.0
dense,B4,C024,behavior_and_context,11,2,3,0.18181818181818182,0.5,0.3,0.3333333333333333
dense,B4,C024,measurement_quality,6,0,1,0.16666666666666666,,0.1,0.0
dense,B4,C024,personal_monitoring,11,6,6,0.5454545454545454,0.3333333333333333,0.6,0.0
