retriever,baseline_id,knowledge_group,label_kind,case_count,corpus_item_count,recall_at_10,recall_at_10_valid_cases,strong_recall_at_10,strong_recall_at_10_valid_cases,top10_group_share,top10_group_share_valid_cases,within_group_irrelevant_fraction_at_10,within_group_irrelevant_fraction_at_10_valid_cases
bm25,B1,behavior_and_context,PROVISIONAL_LLM_GOLD,24,76,0.1387243554829339,24,0.18171296296296297,24,0.6694444444444444,24,0.7638999118165785,24
bm25,B1,measurement_quality,PROVISIONAL_LLM_GOLD,24,8,0.23564814814814813,24,0.6,5,0.1638888888888889,24,0.4421296296296296,24
bm25,B1,personal_monitoring,PROVISIONAL_LLM_GOLD,24,12,0.14722823472823474,24,0.2852941176470588,17,0.16666666666666666,24,0.1925925925925926,24
bm25,B2,behavior_and_context,PROVISIONAL_LLM_GOLD,24,76,0.09736414978449291,24,0.21342592592592594,24,0.5194444444444444,24,0.7970458553791887,24
bm25,B2,measurement_quality,PROVISIONAL_LLM_GOLD,24,8,0.28402777777777777,24,0.6666666666666666,5,0.12916666666666668,24,0.418287037037037,24
bm25,B2,personal_monitoring,PROVISIONAL_LLM_GOLD,24,12,0.31363185425685425,24,0.27352941176470585,17,0.35138888888888886,24,0.15863095238095237,24
bm25,B3,behavior_and_context,PROVISIONAL_LLM_GOLD,24,76,0.10499852929387243,24,0.1636574074074074,24,0.5819444444444445,24,0.7925319664902998,24
bm25,B3,measurement_quality,PROVISIONAL_LLM_GOLD,24,8,0.3212962962962963,24,0.5333333333333333,5,0.12638888888888888,24,0.25925925925925924,24
bm25,B3,personal_monitoring,PROVISIONAL_LLM_GOLD,24,12,0.24195727112393778,24,0.27423747276688454,17,0.2916666666666667,24,0.24874338624338624,24
bm25,B4,behavior_and_context,PROVISIONAL_LLM_GOLD,24,76,0.0,24,0.0,24,0.6,24,1.0,24
bm25,B4,measurement_quality,PROVISIONAL_LLM_GOLD,24,8,0.35833333333333334,24,0.2,5,0.2,24,0.5,24
bm25,B4,personal_monitoring,PROVISIONAL_LLM_GOLD,24,12,0.20830627705627705,24,0.23169934640522874,17,0.2,24,0.020833333333333332,24
dense,B1,behavior_and_context,PROVISIONAL_LLM_GOLD,24,76,0.22885215955068897,24,0.5254629629629629,24,0.5583333333333333,24,0.5443287037037037,24
dense,B1,measurement_quality,PROVISIONAL_LLM_GOLD,24,8,0.06689814814814815,24,0.0,5,0.09444444444444444,24,0.7673611111111112,24
dense,B1,personal_monitoring,PROVISIONAL_LLM_GOLD,24,12,0.2731581689915023,24,0.225,17,0.3472222222222222,24,0.29216269841269843,24
dense,B2,behavior_and_context,PROVISIONAL_LLM_GOLD,24,76,0.22386904467174074,24,0.41712962962962963,24,0.4638888888888889,24,0.45658619929453265,24
dense,B2,measurement_quality,PROVISIONAL_LLM_GOLD,24,8,0.12916666666666665,24,0.26666666666666666,5,0.10277777777777779,24,0.6342592592592593,24
dense,B2,personal_monitoring,PROVISIONAL_LLM_GOLD,24,12,0.34783549783549783,24,0.2833333333333333,17,0.43333333333333335,24,0.2582010582010582,24
dense,B3,behavior_and_context,PROVISIONAL_LLM_GOLD,24,76,0.26858464134812177,24,0.47430555555555554,24,0.7138888888888889,24,0.5868165784832452,24
dense,B3,measurement_quality,PROVISIONAL_LLM_GOLD,24,8,0.057638888888888885,24,0.06666666666666667,5,0.0625,24,0.7261904761904762,21
dense,B3,personal_monitoring,PROVISIONAL_LLM_GOLD,24,12,0.17994929453262787,24,0.14645969498910674,17,0.22361111111111112,24,0.28171296296296294,24
dense,B4,behavior_and_context,PROVISIONAL_LLM_GOLD,24,76,0.17282886639504286,24,0.41805555555555557,24,0.30416666666666664,24,0.4236111111111111,24
dense,B4,measurement_quality,PROVISIONAL_LLM_GOLD,24,8,0.03263888888888889,24,0.0,5,0.1,24,0.8333333333333334,24
dense,B4,personal_monitoring,PROVISIONAL_LLM_GOLD,24,12,0.5985464766714766,24,0.36666666666666664,17,0.5958333333333333,24,0.05,24
