retriever,baseline_id,case_id,stratum,case_type,label_kind,repeat_count,positive_count,strong_count,recall_at_5,recall_at_5_valid_repeats,recall_at_10,recall_at_10_valid_repeats,recall_at_20,recall_at_20_valid_repeats,strong_recall_at_10,strong_recall_at_10_valid_repeats,ndcg_at_10,ndcg_at_10_valid_repeats,irrelevant_fraction_at_10,irrelevant_fraction_at_10_valid_repeats,empty_rate,returned_count
bm25,B1,C001,A,single_variable,PROVISIONAL_LLM_GOLD,3,23,4,0.014492753623188406,3,0.10144927536231883,3,0.2318840579710145,3,0.3333333333333333,3,0.16524332284774235,3,0.7666666666666666,3,0,20
bm25,B1,C002,A,single_variable,PROVISIONAL_LLM_GOLD,3,23,3,0.14492753623188406,3,0.2028985507246377,3,0.3333333333333333,3,0.5555555555555556,3,0.5091302193123457,3,0.5333333333333333,3,0,20
bm25,B1,C003,B,single_variable,PROVISIONAL_LLM_GOLD,3,19,3,0.07017543859649122,3,0.17543859649122806,3,0.3333333333333333,3,0.3333333333333333,3,0.21942534228814178,3,0.6666666666666667,3,0,20
bm25,B1,C004,B,single_variable,PROVISIONAL_LLM_GOLD,3,18,7,0.05555555555555555,3,0.11111111111111112,3,0.25925925925925924,3,0.23809523809523808,3,0.22495494876203123,3,0.8,3,0,20
bm25,B1,C005,C,single_variable,PROVISIONAL_LLM_GOLD,3,24,4,0.06944444444444445,3,0.1388888888888889,3,0.23611111111111113,3,0.4166666666666667,3,0.3665922983003212,3,0.6666666666666666,3,0,20
bm25,B1,C006,C,single_variable,PROVISIONAL_LLM_GOLD,3,24,9,0.05555555555555555,3,0.125,3,0.22222222222222224,3,0.14814814814814814,3,0.2071615499783608,3,0.7,3,0,20
bm25,B1,C007,A,personal_baseline,PROVISIONAL_LLM_GOLD,3,17,1,0.0392156862745098,3,0.11764705882352941,3,0.2549019607843137,3,0.3333333333333333,3,0.2376914027162228,3,0.8,3,0,20
bm25,B1,C008,B,personal_baseline,PROVISIONAL_LLM_GOLD,3,23,4,0.10144927536231883,3,0.21739130434782608,3,0.4057971014492754,3,0.25,3,0.33158334009593876,3,0.5,3,0,20
bm25,B1,C009,B,personal_baseline,PROVISIONAL_LLM_GOLD,3,24,6,0.18055555555555555,3,0.2361111111111111,3,0.3611111111111111,3,0.2222222222222222,3,0.3700542078905835,3,0.43333333333333335,3,0,20
bm25,B1,C010,A,personal_baseline,PROVISIONAL_LLM_GOLD,3,22,6,0.15151515151515152,3,0.2727272727272727,3,0.3484848484848485,3,0.5555555555555556,3,0.6102429645746282,3,0.4,3,0,20
bm25,B1,C011,C,personal_baseline,PROVISIONAL_LLM_GOLD,3,22,5,0.09090909090909091,3,0.13636363636363635,3,0.30303030303030304,3,0.13333333333333333,3,0.22036791121334762,3,0.7,3,0,20
bm25,B1,C012,C,personal_baseline,PROVISIONAL_LLM_GOLD,3,31,12,0.10752688172043011,3,0.17204301075268816,3,0.3010752688172043,3,0.16666666666666666,3,0.36220060925745307,3,0.4666666666666667,3,0,20
bm25,B1,C013,A,temporal_pattern,PROVISIONAL_LLM_GOLD,3,21,6,0.14285714285714285,3,0.23809523809523808,3,0.31746031746031744,3,0.2777777777777778,3,0.3665858699536161,3,0.5,3,0,20
bm25,B1,C014,A,temporal_pattern,PROVISIONAL_LLM_GOLD,3,26,2,0.11538461538461539,3,0.20512820512820515,3,0.358974358974359,3,0.16666666666666666,3,0.37979309683938617,3,0.4666666666666667,3,0,20
bm25,B1,C015,B,temporal_pattern,PROVISIONAL_LLM_GOLD,3,35,6,0.11428571428571428,3,0.1619047619047619,3,0.3142857142857143,3,0.3888888888888889,3,0.4655263476844903,3,0.43333333333333335,3,0,20
bm25,B1,C016,B,temporal_pattern,PROVISIONAL_LLM_GOLD,3,24,7,0.06944444444444445,3,0.1111111111111111,3,0.19444444444444445,3,0.14285714285714285,3,0.19247049830015955,3,0.7333333333333333,3,0,20
bm25,B1,C017,C,temporal_pattern,PROVISIONAL_LLM_GOLD,3,22,10,0.045454545454545456,3,0.09090909090909091,3,0.24242424242424243,3,0.06666666666666667,3,0.10419493051134787,3,0.8,3,0,20
bm25,B1,C018,C,temporal_pattern,PROVISIONAL_LLM_GOLD,3,21,3,0.1111111111111111,3,0.19047619047619047,3,0.2698412698412698,3,0.4444444444444444,3,0.44306496433275117,3,0.6,3,0,20
bm25,B1,C019,A,multivariable,PROVISIONAL_LLM_GOLD,3,24,6,0.05555555555555555,3,0.1527777777777778,3,0.3055555555555556,3,0.3333333333333333,3,0.2655120779576341,3,0.6333333333333333,3,0,20
bm25,B1,C020,A,multivariable,PROVISIONAL_LLM_GOLD,3,26,11,0.10256410256410257,3,0.19230769230769232,3,0.3076923076923077,3,0.06060606060606061,3,0.19762257215586954,3,0.5,3,0,20
bm25,B1,C021,B,multivariable,PROVISIONAL_LLM_GOLD,3,21,7,0.031746031746031744,3,0.06349206349206349,3,0.12698412698412698,3,0.047619047619047616,3,0.09947220264551516,3,0.8666666666666667,3,0,20
bm25,B1,C022,B,multivariable,PROVISIONAL_LLM_GOLD,3,30,7,0.08888888888888889,3,0.15555555555555556,3,0.28888888888888886,3,0.19047619047619047,3,0.28978325438717006,3,0.5333333333333333,3,0,20
bm25,B1,C023,C,multivariable,PROVISIONAL_LLM_GOLD,3,30,4,0.05555555555555556,3,0.13333333333333333,3,0.2777777777777778,3,0.4166666666666667,3,0.3105519708283075,3,0.6,3,0,20
bm25,B1,C024,C,multivariable,PROVISIONAL_LLM_GOLD,3,28,8,0.07142857142857142,3,0.10714285714285714,3,0.21428571428571427,3,0.125,3,0.22157636233073283,3,0.7,3,0,20
bm25,B2,C001,A,single_variable,PROVISIONAL_LLM_GOLD,3,23,4,0.13043478260869565,3,0.2608695652173913,3,0.3333333333333333,3,0.25,3,0.46931113100069044,3,0.4,3,0,20
bm25,B2,C002,A,single_variable,PROVISIONAL_LLM_GOLD,3,23,3,0.11594202898550725,3,0.2318840579710145,3,0.34782608695652173,3,0.6666666666666666,3,0.470508999333109,3,0.4666666666666667,3,0,20
bm25,B2,C003,B,single_variable,PROVISIONAL_LLM_GOLD,3,19,3,0.07017543859649122,3,0.19298245614035087,3,0.3508771929824561,3,0.4444444444444444,3,0.27089963663607136,3,0.6333333333333333,3,0,20
bm25,B2,C004,B,single_variable,PROVISIONAL_LLM_GOLD,3,18,7,0.2222222222222222,3,0.3333333333333333,3,0.4814814814814815,3,0.5714285714285714,3,0.6695953805242868,3,0.4,3,0,20
bm25,B2,C005,C,single_variable,PROVISIONAL_LLM_GOLD,3,24,4,0.08333333333333333,3,0.20833333333333334,3,0.3611111111111111,3,0.4166666666666667,3,0.3552214967477717,3,0.5,3,0,20
bm25,B2,C006,C,single_variable,PROVISIONAL_LLM_GOLD,3,24,9,0.125,3,0.20833333333333334,3,0.3194444444444444,3,0.3333333333333333,3,0.3952570311973864,3,0.5,3,0,20
bm25,B2,C007,A,personal_baseline,PROVISIONAL_LLM_GOLD,3,17,1,0.1568627450980392,3,0.21568627450980393,3,0.39215686274509803,3,0.3333333333333333,3,0.3674376562849287,3,0.6333333333333333,3,0,20
bm25,B2,C008,B,personal_baseline,PROVISIONAL_LLM_GOLD,3,23,4,0.15942028985507245,3,0.2463768115942029,3,0.4057971014492754,3,0.16666666666666666,3,0.34855137853805784,3,0.43333333333333335,3,0,20
bm25,B2,C009,B,personal_baseline,PROVISIONAL_LLM_GOLD,3,24,6,0.1527777777777778,3,0.2361111111111111,3,0.4027777777777778,3,0.3333333333333333,3,0.4370848442139817,3,0.43333333333333335,3,0,20
bm25,B2,C010,A,personal_baseline,PROVISIONAL_LLM_GOLD,3,22,6,0.1212121212121212,3,0.21212121212121213,3,0.36363636363636365,3,0.3888888888888889,3,0.4393448916044144,3,0.5333333333333333,3,0,20
bm25,B2,C011,C,personal_baseline,PROVISIONAL_LLM_GOLD,3,22,5,0.10606060606060606,3,0.16666666666666666,3,0.36363636363636365,3,0.4,3,0.4325847530364853,3,0.6333333333333333,3,0,20
bm25,B2,C012,C,personal_baseline,PROVISIONAL_LLM_GOLD,3,31,12,0.04301075268817204,3,0.12903225806451613,3,0.2903225806451613,3,0.16666666666666666,3,0.2227477848236497,3,0.6,3,0,20
bm25,B2,C013,A,temporal_pattern,PROVISIONAL_LLM_GOLD,3,21,6,0.19047619047619047,3,0.31746031746031744,3,0.4603174603174603,3,0.2777777777777778,3,0.5123692373170743,3,0.3333333333333333,3,0,20
bm25,B2,C014,A,temporal_pattern,PROVISIONAL_LLM_GOLD,3,26,2,0.11538461538461539,3,0.16666666666666669,3,0.34615384615384615,3,0.0,3,0.28385066349766913,3,0.5666666666666667,3,0,20
bm25,B2,C015,B,temporal_pattern,PROVISIONAL_LLM_GOLD,3,35,6,0.09523809523809523,3,0.1619047619047619,3,0.34285714285714286,3,0.3888888888888889,3,0.47289550517722195,3,0.43333333333333335,3,0,20
bm25,B2,C016,B,temporal_pattern,PROVISIONAL_LLM_GOLD,3,24,7,0.1111111111111111,3,0.16666666666666666,3,0.3194444444444444,3,0.2857142857142857,3,0.31395471851173046,3,0.6,3,0,20
bm25,B2,C017,C,temporal_pattern,PROVISIONAL_LLM_GOLD,3,22,10,0.12121212121212122,3,0.2424242424242424,3,0.3939393939393939,3,0.4,3,0.46830103823964864,3,0.4666666666666667,3,0,20
bm25,B2,C018,C,temporal_pattern,PROVISIONAL_LLM_GOLD,3,21,3,0.1111111111111111,3,0.19047619047619047,3,0.3492063492063492,3,0.1111111111111111,3,0.2538311508181858,3,0.6,3,0,20
bm25,B2,C019,A,multivariable,PROVISIONAL_LLM_GOLD,3,24,6,0.125,3,0.25,3,0.3888888888888889,3,0.4444444444444444,3,0.49593439736827327,3,0.4,3,0,20
bm25,B2,C020,A,multivariable,PROVISIONAL_LLM_GOLD,3,26,11,0.10256410256410257,3,0.16666666666666669,3,0.32051282051282054,3,0.21212121212121213,3,0.3125107837438762,3,0.5666666666666667,3,0,20
bm25,B2,C021,B,multivariable,PROVISIONAL_LLM_GOLD,3,21,7,0.1111111111111111,3,0.19047619047619047,3,0.38095238095238093,3,0.38095238095238093,3,0.48147942219616846,3,0.6,3,0,20
bm25,B2,C022,B,multivariable,PROVISIONAL_LLM_GOLD,3,30,7,0.1,3,0.15555555555555556,3,0.28888888888888886,3,0.2857142857142857,3,0.35843373112536303,3,0.5333333333333333,3,0,20
bm25,B2,C023,C,multivariable,PROVISIONAL_LLM_GOLD,3,30,4,0.12222222222222222,3,0.19999999999999998,3,0.35555555555555557,3,0.4166666666666667,3,0.5055811561068422,3,0.4,3,0,20
bm25,B2,C024,C,multivariable,PROVISIONAL_LLM_GOLD,3,28,8,0.11904761904761904,3,0.16666666666666666,3,0.2619047619047619,3,0.20833333333333334,3,0.3358454230807631,3,0.5333333333333333,3,0,20
bm25,B3,C001,A,single_variable,PROVISIONAL_LLM_GOLD,3,23,4,0.11594202898550725,3,0.2318840579710145,3,0.4057971014492754,3,0.25,3,0.3439149890538059,3,0.4666666666666667,3,0,20
bm25,B3,C002,A,single_variable,PROVISIONAL_LLM_GOLD,3,23,3,0.10144927536231883,3,0.18840579710144928,3,0.37681159420289856,3,0.5555555555555556,3,0.506766437103452,3,0.5666666666666667,3,0,20
bm25,B3,C003,B,single_variable,PROVISIONAL_LLM_GOLD,3,19,3,0.08771929824561403,3,0.14035087719298245,3,0.3508771929824561,3,0.1111111111111111,3,0.21248511458992897,3,0.7333333333333334,3,0,20
bm25,B3,C004,B,single_variable,PROVISIONAL_LLM_GOLD,3,18,7,0.1111111111111111,3,0.2777777777777778,3,0.46296296296296297,3,0.5238095238095237,3,0.44544549918892534,3,0.5,3,0,20
bm25,B3,C005,C,single_variable,PROVISIONAL_LLM_GOLD,3,24,4,0.041666666666666664,3,0.1388888888888889,3,0.3194444444444444,3,0.4166666666666667,3,0.2868804732025529,3,0.6666666666666666,3,0,20
bm25,B3,C006,C,single_variable,PROVISIONAL_LLM_GOLD,3,24,9,0.125,3,0.2361111111111111,3,0.4027777777777778,3,0.37037037037037035,3,0.43119313596533904,3,0.43333333333333335,3,0,20
bm25,B3,C007,A,personal_baseline,PROVISIONAL_LLM_GOLD,3,17,1,0.0392156862745098,3,0.13725490196078433,3,0.35294117647058826,3,0.3333333333333333,3,0.15638580523430404,3,0.7666666666666667,3,0,20
bm25,B3,C008,B,personal_baseline,PROVISIONAL_LLM_GOLD,3,23,4,0.07246376811594203,3,0.14492753623188406,3,0.3188405797101449,3,0.16666666666666666,3,0.20497715590471136,3,0.6666666666666666,3,0,20
bm25,B3,C009,B,personal_baseline,PROVISIONAL_LLM_GOLD,3,24,6,0.20833333333333334,3,0.3194444444444445,3,0.5277777777777778,3,0.5,3,0.6690054529484324,3,0.23333333333333334,3,0,20
bm25,B3,C010,A,personal_baseline,PROVISIONAL_LLM_GOLD,3,22,6,0.13636363636363635,3,0.15151515151515152,3,0.3181818181818182,3,0.4444444444444444,3,0.41302219630038356,3,0.6666666666666666,3,0,20
bm25,B3,C011,C,personal_baseline,PROVISIONAL_LLM_GOLD,3,22,5,0.045454545454545456,3,0.1818181818181818,3,0.34848484848484845,3,0.2,3,0.202449349531015,3,0.6,3,0,20
bm25,B3,C012,C,personal_baseline,PROVISIONAL_LLM_GOLD,3,31,12,0.07526881720430108,3,0.15053763440860216,3,0.3118279569892473,3,0.3055555555555556,3,0.38805218286902066,3,0.5333333333333333,3,0,20
bm25,B3,C013,A,temporal_pattern,PROVISIONAL_LLM_GOLD,3,21,6,0.09523809523809523,3,0.1746031746031746,3,0.36507936507936506,3,0.0,3,0.1319916518697289,3,0.6333333333333333,3,0,20
bm25,B3,C014,A,temporal_pattern,PROVISIONAL_LLM_GOLD,3,26,2,0.10256410256410257,3,0.19230769230769232,3,0.358974358974359,3,0.16666666666666666,3,0.373112718854085,3,0.5,3,0,20
bm25,B3,C015,B,temporal_pattern,PROVISIONAL_LLM_GOLD,3,35,6,0.06666666666666667,3,0.11428571428571428,3,0.29523809523809524,3,0.16666666666666666,3,0.3330230848954533,3,0.6,3,0,20
bm25,B3,C016,B,temporal_pattern,PROVISIONAL_LLM_GOLD,3,24,7,0.09722222222222222,3,0.15277777777777776,3,0.2916666666666667,3,0.14285714285714285,3,0.2515999473455945,3,0.6333333333333333,3,0,20
bm25,B3,C017,C,temporal_pattern,PROVISIONAL_LLM_GOLD,3,22,10,0.09090909090909091,3,0.22727272727272727,3,0.3787878787878788,3,0.3,3,0.37169872857915043,3,0.5,3,0,20
bm25,B3,C018,C,temporal_pattern,PROVISIONAL_LLM_GOLD,3,21,3,0.06349206349206349,3,0.12698412698412698,3,0.2857142857142857,3,0.0,3,0.13438343834486152,3,0.7333333333333334,3,0,20
bm25,B3,C019,A,multivariable,PROVISIONAL_LLM_GOLD,3,24,6,0.05555555555555555,3,0.1388888888888889,3,0.3333333333333333,3,0.1111111111111111,3,0.16904658466975858,3,0.6666666666666666,3,0,20
bm25,B3,C020,A,multivariable,PROVISIONAL_LLM_GOLD,3,26,11,0.06410256410256411,3,0.16666666666666669,3,0.3333333333333333,3,0.12121212121212122,3,0.25164725160111395,3,0.5666666666666667,3,0,20
bm25,B3,C021,B,multivariable,PROVISIONAL_LLM_GOLD,3,21,7,0.07936507936507936,3,0.15873015873015872,3,0.2857142857142857,3,0.23809523809523808,3,0.2681331479370253,3,0.6666666666666666,3,0,20
bm25,B3,C022,B,multivariable,PROVISIONAL_LLM_GOLD,3,30,7,0.13333333333333333,3,0.2777777777777778,3,0.4,3,0.42857142857142855,3,0.5234461491518657,3,0.16666666666666669,3,0,20
bm25,B3,C023,C,multivariable,PROVISIONAL_LLM_GOLD,3,30,4,0.03333333333333333,3,0.12222222222222222,3,0.26666666666666666,3,0.16666666666666666,3,0.17763139241868334,3,0.6333333333333333,3,0,20
bm25,B3,C024,C,multivariable,PROVISIONAL_LLM_GOLD,3,28,8,0.16666666666666666,3,0.2738095238095238,3,0.42857142857142855,3,0.5,3,0.5405095039802039,3,0.23333333333333334,3,0,20
bm25,B4,C001,A,single_variable,PROVISIONAL_LLM_GOLD,3,23,4,0.043478260869565216,3,0.13043478260869565,3,0.391304347826087,3,0.0,3,0.10713514516442225,3,0.7,3,0,20
bm25,B4,C002,A,single_variable,PROVISIONAL_LLM_GOLD,3,23,3,0.043478260869565216,3,0.13043478260869565,3,0.34782608695652173,3,0.0,3,0.11761519077703839,3,0.7,3,0,20
bm25,B4,C003,B,single_variable,PROVISIONAL_LLM_GOLD,3,19,3,0.0,3,0.10526315789473684,3,0.2631578947368421,3,0.0,3,0.07204237982851501,3,0.8,3,0,20
bm25,B4,C004,B,single_variable,PROVISIONAL_LLM_GOLD,3,18,7,0.05555555555555555,3,0.16666666666666666,3,0.4444444444444444,3,0.2857142857142857,3,0.20646171862459167,3,0.7,3,0,20
bm25,B4,C005,C,single_variable,PROVISIONAL_LLM_GOLD,3,24,4,0.041666666666666664,3,0.125,3,0.375,3,0.0,3,0.10564189786538387,3,0.7,3,0,20
bm25,B4,C006,C,single_variable,PROVISIONAL_LLM_GOLD,3,24,9,0.041666666666666664,3,0.125,3,0.375,3,0.2222222222222222,3,0.18695861664591756,3,0.7,3,0,20
bm25,B4,C007,A,personal_baseline,PROVISIONAL_LLM_GOLD,3,17,1,0.058823529411764705,3,0.17647058823529413,3,0.4117647058823529,3,0.0,3,0.15827028744514476,3,0.7,3,0,20
bm25,B4,C008,B,personal_baseline,PROVISIONAL_LLM_GOLD,3,23,4,0.043478260869565216,3,0.13043478260869565,3,0.34782608695652173,3,0.0,3,0.10564189786538387,3,0.7,3,0,20
bm25,B4,C009,B,personal_baseline,PROVISIONAL_LLM_GOLD,3,24,6,0.041666666666666664,3,0.125,3,0.375,3,0.3333333333333333,3,0.21331806101356707,3,0.7,3,0,20
bm25,B4,C010,A,personal_baseline,PROVISIONAL_LLM_GOLD,3,22,6,0.045454545454545456,3,0.13636363636363635,3,0.4090909090909091,3,0.3333333333333333,3,0.2188030150673451,3,0.7,3,0,20
bm25,B4,C011,C,personal_baseline,PROVISIONAL_LLM_GOLD,3,22,5,0.045454545454545456,3,0.13636363636363635,3,0.4090909090909091,3,0.2,3,0.170208046638053,3,0.7,3,0,20
bm25,B4,C012,C,personal_baseline,PROVISIONAL_LLM_GOLD,3,31,12,0.03225806451612903,3,0.0967741935483871,3,0.3225806451612903,3,0.25,3,0.22793826167775832,3,0.7,3,0,20
bm25,B4,C013,A,temporal_pattern,PROVISIONAL_LLM_GOLD,3,21,6,0.047619047619047616,3,0.14285714285714285,3,0.42857142857142855,3,0.16666666666666666,3,0.16223205962400075,3,0.7,3,0,20
bm25,B4,C014,A,temporal_pattern,PROVISIONAL_LLM_GOLD,3,26,2,0.038461538461538464,3,0.11538461538461539,3,0.34615384615384615,3,0.0,3,0.1326835930126078,3,0.7,3,0,20
bm25,B4,C015,B,temporal_pattern,PROVISIONAL_LLM_GOLD,3,35,6,0.02857142857142857,3,0.08571428571428572,3,0.2571428571428571,3,0.0,3,0.09285941457970795,3,0.7,3,0,20
bm25,B4,C016,B,temporal_pattern,PROVISIONAL_LLM_GOLD,3,24,7,0.041666666666666664,3,0.125,3,0.375,3,0.14285714285714285,3,0.15034853261254846,3,0.7,3,0,20
bm25,B4,C017,C,temporal_pattern,PROVISIONAL_LLM_GOLD,3,22,10,0.045454545454545456,3,0.13636363636363635,3,0.4090909090909091,3,0.2,3,0.17902898027818495,3,0.7,3,0,20
bm25,B4,C018,C,temporal_pattern,PROVISIONAL_LLM_GOLD,3,21,3,0.047619047619047616,3,0.14285714285714285,3,0.38095238095238093,3,0.0,3,0.11394661597814092,3,0.7,3,0,20
bm25,B4,C019,A,multivariable,PROVISIONAL_LLM_GOLD,3,24,6,0.041666666666666664,3,0.125,3,0.2916666666666667,3,0.0,3,0.09285941457970795,3,0.7,3,0,20
bm25,B4,C020,A,multivariable,PROVISIONAL_LLM_GOLD,3,26,11,0.038461538461538464,3,0.11538461538461539,3,0.38461538461538464,3,0.18181818181818182,3,0.1708486469920357,3,0.7,3,0,20
bm25,B4,C021,B,multivariable,PROVISIONAL_LLM_GOLD,3,21,7,0.047619047619047616,3,0.14285714285714285,3,0.42857142857142855,3,0.14285714285714285,3,0.1358263640014324,3,0.7,3,0,20
bm25,B4,C022,B,multivariable,PROVISIONAL_LLM_GOLD,3,30,7,0.03333333333333333,3,0.1,3,0.3333333333333333,3,0.14285714285714285,3,0.13733813420597393,3,0.7,3,0,20
bm25,B4,C023,C,multivariable,PROVISIONAL_LLM_GOLD,3,30,4,0.03333333333333333,3,0.1,3,0.3,3,0.0,3,0.10379345697746441,3,0.7,3,0,20
bm25,B4,C024,C,multivariable,PROVISIONAL_LLM_GOLD,3,28,8,0.03571428571428571,3,0.10714285714285714,3,0.35714285714285715,3,0.125,3,0.13037851040702075,3,0.7,3,0,20
dense,B1,C001,A,single_variable,PROVISIONAL_LLM_GOLD,3,23,4,0.13043478260869565,3,0.20289855072463767,3,0.42028985507246375,3,0.3333333333333333,3,0.4019834192712101,3,0.5333333333333333,3,0,20
dense,B1,C002,A,single_variable,PROVISIONAL_LLM_GOLD,3,23,3,0.17391304347826086,3,0.2463768115942029,3,0.37681159420289856,3,0.1111111111111111,3,0.3744190825994718,3,0.43333333333333335,3,0,20
dense,B1,C003,B,single_variable,PROVISIONAL_LLM_GOLD,3,19,3,0.15789473684210525,3,0.24561403508771928,3,0.42105263157894735,3,0.6666666666666666,3,0.5031428520012721,3,0.5333333333333333,3,0,20
dense,B1,C004,B,single_variable,PROVISIONAL_LLM_GOLD,3,18,7,0.2037037037037037,3,0.3333333333333333,3,0.48148148148148145,3,0.47619047619047616,3,0.5091737782194112,3,0.4,3,0,20
dense,B1,C005,C,single_variable,PROVISIONAL_LLM_GOLD,3,24,4,0.1388888888888889,3,0.19444444444444445,3,0.4861111111111111,3,0.3333333333333333,3,0.42438226851921584,3,0.5333333333333333,3,0,20
dense,B1,C006,C,single_variable,PROVISIONAL_LLM_GOLD,3,24,9,0.125,3,0.16666666666666666,3,0.375,3,0.2962962962962963,3,0.44152529891246645,3,0.6,3,0,20
dense,B1,C007,A,personal_baseline,PROVISIONAL_LLM_GOLD,3,17,1,0.13725490196078433,3,0.21568627450980393,3,0.45098039215686275,3,1.0,3,0.48974415650103204,3,0.6333333333333333,3,0,20
dense,B1,C008,B,personal_baseline,PROVISIONAL_LLM_GOLD,3,23,4,0.18840579710144928,3,0.2608695652173913,3,0.43478260869565216,3,0.08333333333333333,3,0.35402169633083314,3,0.4,3,0,20
dense,B1,C009,B,personal_baseline,PROVISIONAL_LLM_GOLD,3,24,6,0.19444444444444445,3,0.3333333333333333,3,0.4583333333333333,3,0.5555555555555556,3,0.6567983412822289,3,0.2,3,0,20
dense,B1,C010,A,personal_baseline,PROVISIONAL_LLM_GOLD,3,22,6,0.18181818181818182,3,0.25757575757575757,3,0.42424242424242425,3,0.2777777777777778,3,0.4100710612882828,3,0.43333333333333335,3,0,20
dense,B1,C011,C,personal_baseline,PROVISIONAL_LLM_GOLD,3,22,5,0.12121212121212122,3,0.2121212121212121,3,0.45454545454545453,3,0.4,3,0.3787182237595126,3,0.5333333333333333,3,0,20
dense,B1,C012,C,personal_baseline,PROVISIONAL_LLM_GOLD,3,31,12,0.12903225806451613,3,0.1935483870967742,3,0.3978494623655914,3,0.3333333333333333,3,0.47862656026768546,3,0.4,3,0,20
dense,B1,C013,A,temporal_pattern,PROVISIONAL_LLM_GOLD,3,21,6,0.15873015873015872,3,0.2698412698412698,3,0.5555555555555556,3,0.4444444444444444,3,0.45629564377318854,3,0.43333333333333335,3,0,20
dense,B1,C014,A,temporal_pattern,PROVISIONAL_LLM_GOLD,3,26,2,0.12820512820512822,3,0.1794871794871795,3,0.358974358974359,3,0.5,3,0.40924505515941706,3,0.5333333333333333,3,0,20
dense,B1,C015,B,temporal_pattern,PROVISIONAL_LLM_GOLD,3,35,6,0.10476190476190476,3,0.19047619047619047,3,0.3904761904761905,3,0.2777777777777778,3,0.4527688678586254,3,0.33333333333333337,3,0,20
dense,B1,C016,B,temporal_pattern,PROVISIONAL_LLM_GOLD,3,24,7,0.125,3,0.22222222222222224,3,0.3611111111111111,3,0.38095238095238093,3,0.3956201674767367,3,0.4666666666666667,3,0,20
dense,B1,C017,C,temporal_pattern,PROVISIONAL_LLM_GOLD,3,22,10,0.13636363636363635,3,0.18181818181818182,3,0.45454545454545453,3,0.3,3,0.3623402837389546,3,0.6,3,0,20
dense,B1,C018,C,temporal_pattern,PROVISIONAL_LLM_GOLD,3,21,3,0.12698412698412698,3,0.19047619047619047,3,0.3333333333333333,3,0.3333333333333333,3,0.3343819472905828,3,0.6,3,0,20
dense,B1,C019,A,multivariable,PROVISIONAL_LLM_GOLD,3,24,6,0.15277777777777776,3,0.20833333333333334,3,0.3472222222222222,3,0.2777777777777778,3,0.36566611242208535,3,0.5,3,0,20
dense,B1,C020,A,multivariable,PROVISIONAL_LLM_GOLD,3,26,11,0.10256410256410257,3,0.1794871794871795,3,0.38461538461538464,3,0.3333333333333333,3,0.4115116473630992,3,0.5333333333333333,3,0,20
dense,B1,C021,B,multivariable,PROVISIONAL_LLM_GOLD,3,21,7,0.047619047619047616,3,0.1746031746031746,3,0.36507936507936506,3,0.2857142857142857,3,0.26428127360989306,3,0.6333333333333333,3,0,20
dense,B1,C022,B,multivariable,PROVISIONAL_LLM_GOLD,3,30,7,0.15555555555555556,3,0.24444444444444444,3,0.45555555555555555,3,0.3333333333333333,3,0.4466479169303181,3,0.26666666666666666,3,0,20
dense,B1,C023,C,multivariable,PROVISIONAL_LLM_GOLD,3,30,4,0.08888888888888889,3,0.15555555555555556,3,0.3555555555555555,3,0.25,3,0.39078211809800595,3,0.5333333333333333,3,0,20
dense,B1,C024,C,multivariable,PROVISIONAL_LLM_GOLD,3,28,8,0.15476190476190477,3,0.2857142857142857,3,0.44047619047619047,3,0.375,3,0.5086932091221262,3,0.2,3,0,20
dense,B2,C001,A,single_variable,PROVISIONAL_LLM_GOLD,3,23,4,0.17391304347826086,3,0.24637681159420288,3,0.42028985507246375,3,0.5,3,0.48551258532323505,3,0.43333333333333335,3,0,20
dense,B2,C002,A,single_variable,PROVISIONAL_LLM_GOLD,3,23,3,0.13043478260869565,3,0.24637681159420288,3,0.463768115942029,3,0.6666666666666666,3,0.5315261169863219,3,0.43333333333333335,3,0,20
dense,B2,C003,B,single_variable,PROVISIONAL_LLM_GOLD,3,19,3,0.12280701754385964,3,0.24561403508771928,3,0.42105263157894735,3,0.3333333333333333,3,0.3504802684005034,3,0.5333333333333333,3,0,20
dense,B2,C004,B,single_variable,PROVISIONAL_LLM_GOLD,3,18,7,0.24074074074074073,3,0.42592592592592593,3,0.5185185185185185,3,0.5238095238095237,3,0.6657941245077961,3,0.23333333333333334,3,0,20
dense,B2,C005,C,single_variable,PROVISIONAL_LLM_GOLD,3,24,4,0.15277777777777776,3,0.22222222222222224,3,0.4444444444444445,3,0.5,3,0.4867803793278817,3,0.4666666666666667,3,0,20
dense,B2,C006,C,single_variable,PROVISIONAL_LLM_GOLD,3,24,9,0.16666666666666666,3,0.2361111111111111,3,0.4027777777777778,3,0.3333333333333333,3,0.46169139884499394,3,0.43333333333333335,3,0,20
dense,B2,C007,A,personal_baseline,PROVISIONAL_LLM_GOLD,3,17,1,0.1568627450980392,3,0.2549019607843137,3,0.45098039215686275,3,0.6666666666666666,3,0.46866214955114566,3,0.5666666666666667,3,0,20
dense,B2,C008,B,personal_baseline,PROVISIONAL_LLM_GOLD,3,23,4,0.17391304347826086,3,0.30434782608695654,3,0.4492753623188406,3,0.16666666666666666,3,0.4167517417344826,3,0.3,3,0,20
dense,B2,C009,B,personal_baseline,PROVISIONAL_LLM_GOLD,3,24,6,0.20833333333333334,3,0.375,3,0.5416666666666666,3,0.5,3,0.6670634712468906,3,0.1,3,0,20
dense,B2,C010,A,personal_baseline,PROVISIONAL_LLM_GOLD,3,22,6,0.15151515151515152,3,0.25757575757575757,3,0.4393939393939394,3,0.3888888888888889,3,0.38703194724316237,3,0.43333333333333335,3,0,20
dense,B2,C011,C,personal_baseline,PROVISIONAL_LLM_GOLD,3,22,5,0.16666666666666666,3,0.24242424242424243,3,0.42424242424242425,3,0.5333333333333333,3,0.5264561651256715,3,0.4666666666666667,3,0,20
dense,B2,C012,C,personal_baseline,PROVISIONAL_LLM_GOLD,3,31,12,0.0967741935483871,3,0.16129032258064516,3,0.3548387096774194,3,0.25,3,0.40239186288183443,3,0.5,3,0,20
dense,B2,C013,A,temporal_pattern,PROVISIONAL_LLM_GOLD,3,21,6,0.1746031746031746,3,0.36507936507936506,3,0.5555555555555556,3,0.3888888888888889,3,0.48300855610396204,3,0.23333333333333334,3,0,20
dense,B2,C014,A,temporal_pattern,PROVISIONAL_LLM_GOLD,3,26,2,0.12820512820512822,3,0.24358974358974358,3,0.46153846153846156,3,0.16666666666666666,3,0.427361472662344,3,0.3666666666666667,3,0,20
dense,B2,C015,B,temporal_pattern,PROVISIONAL_LLM_GOLD,3,35,6,0.1238095238095238,3,0.21904761904761905,3,0.4,3,0.3888888888888889,3,0.5074806183698428,3,0.23333333333333334,3,0,20
dense,B2,C016,B,temporal_pattern,PROVISIONAL_LLM_GOLD,3,24,7,0.16666666666666666,3,0.22222222222222224,3,0.4444444444444444,3,0.2857142857142857,3,0.45091494482595246,3,0.4666666666666667,3,0,20
dense,B2,C017,C,temporal_pattern,PROVISIONAL_LLM_GOLD,3,22,10,0.15151515151515152,3,0.25757575757575757,3,0.48484848484848486,3,0.43333333333333335,3,0.5698862461173504,3,0.43333333333333335,3,0,20
dense,B2,C018,C,temporal_pattern,PROVISIONAL_LLM_GOLD,3,21,3,0.1746031746031746,3,0.2222222222222222,3,0.4603174603174603,3,0.1111111111111111,3,0.3229172386040244,3,0.5333333333333333,3,0,20
dense,B2,C019,A,multivariable,PROVISIONAL_LLM_GOLD,3,24,6,0.1388888888888889,3,0.22222222222222224,3,0.4305555555555555,3,0.3333333333333333,3,0.3727231026416519,3,0.4666666666666667,3,0,20
dense,B2,C020,A,multivariable,PROVISIONAL_LLM_GOLD,3,26,11,0.14102564102564102,3,0.23076923076923078,3,0.4230769230769231,3,0.30303030303030304,3,0.542687867513256,3,0.4,3,0,20
dense,B2,C021,B,multivariable,PROVISIONAL_LLM_GOLD,3,21,7,0.1111111111111111,3,0.23809523809523808,3,0.4444444444444444,3,0.3333333333333333,3,0.34381814220849577,3,0.5,3,0,20
dense,B2,C022,B,multivariable,PROVISIONAL_LLM_GOLD,3,30,7,0.16666666666666666,3,0.26666666666666666,3,0.4,3,0.47619047619047616,3,0.5405470638432192,3,0.2,3,0,20
dense,B2,C023,C,multivariable,PROVISIONAL_LLM_GOLD,3,30,4,0.11111111111111112,3,0.23333333333333334,3,0.4,3,0.3333333333333333,3,0.46018980308296337,3,0.3,3,0,20
dense,B2,C024,C,multivariable,PROVISIONAL_LLM_GOLD,3,28,8,0.17857142857142858,3,0.30952380952380953,3,0.4523809523809524,3,0.375,3,0.5220174232118133,3,0.13333333333333333,3,0,20
dense,B3,C001,A,single_variable,PROVISIONAL_LLM_GOLD,3,23,4,0.14492753623188406,3,0.2318840579710145,3,0.4057971014492754,3,0.5833333333333334,3,0.4857465429804244,3,0.4666666666666667,3,0,20
dense,B3,C002,A,single_variable,PROVISIONAL_LLM_GOLD,3,23,3,0.07246376811594203,3,0.15942028985507245,3,0.34782608695652173,3,0.6666666666666666,3,0.3187508003042205,3,0.6333333333333333,3,0,20
dense,B3,C003,B,single_variable,PROVISIONAL_LLM_GOLD,3,19,3,0.10526315789473684,3,0.22807017543859648,3,0.40350877192982454,3,0.6666666666666666,3,0.4511525742178566,3,0.5666666666666667,3,0,20
dense,B3,C004,B,single_variable,PROVISIONAL_LLM_GOLD,3,18,7,0.16666666666666666,3,0.3333333333333333,3,0.6111111111111112,3,0.23809523809523808,3,0.3678873695640046,3,0.4,3,0,20
dense,B3,C005,C,single_variable,PROVISIONAL_LLM_GOLD,3,24,4,0.16666666666666666,3,0.2222222222222222,3,0.3611111111111111,3,0.8333333333333334,3,0.6275955101233294,3,0.4666666666666667,3,0,20
dense,B3,C006,C,single_variable,PROVISIONAL_LLM_GOLD,3,24,9,0.1111111111111111,3,0.20833333333333334,3,0.4027777777777778,3,0.3333333333333333,3,0.3775810577446021,3,0.5,3,0,20
dense,B3,C007,A,personal_baseline,PROVISIONAL_LLM_GOLD,3,17,1,0.1568627450980392,3,0.23529411764705882,3,0.4117647058823529,3,0.3333333333333333,3,0.3594888790069267,3,0.6,3,0,20
dense,B3,C008,B,personal_baseline,PROVISIONAL_LLM_GOLD,3,23,4,0.07246376811594203,3,0.17391304347826086,3,0.2753623188405797,3,0.4166666666666667,3,0.31837208119483446,3,0.6,3,0,20
dense,B3,C009,B,personal_baseline,PROVISIONAL_LLM_GOLD,3,24,6,0.19444444444444445,3,0.2638888888888889,3,0.3888888888888889,3,0.5,3,0.6639551910713118,3,0.3666666666666667,3,0,20
dense,B3,C010,A,personal_baseline,PROVISIONAL_LLM_GOLD,3,22,6,0.09090909090909091,3,0.15151515151515152,3,0.3181818181818182,3,0.2222222222222222,3,0.2256806008770847,3,0.6666666666666667,3,0,20
dense,B3,C011,C,personal_baseline,PROVISIONAL_LLM_GOLD,3,22,5,0.09090909090909091,3,0.15151515151515152,3,0.2727272727272727,3,0.13333333333333333,3,0.19648369782028235,3,0.6666666666666666,3,0,20
dense,B3,C012,C,personal_baseline,PROVISIONAL_LLM_GOLD,3,31,12,0.0967741935483871,3,0.16129032258064516,3,0.3655913978494624,3,0.19444444444444445,3,0.29400692058785693,3,0.5,3,0,20
dense,B3,C013,A,temporal_pattern,PROVISIONAL_LLM_GOLD,3,21,6,0.14285714285714285,3,0.25396825396825395,3,0.4126984126984127,3,0.2777777777777778,3,0.3829130037020844,3,0.4666666666666667,3,0,20
dense,B3,C014,A,temporal_pattern,PROVISIONAL_LLM_GOLD,3,26,2,0.07692307692307693,3,0.1794871794871795,3,0.3717948717948718,3,0.16666666666666666,3,0.28691212204397526,3,0.5333333333333333,3,0,20
dense,B3,C015,B,temporal_pattern,PROVISIONAL_LLM_GOLD,3,35,6,0.13333333333333333,3,0.21904761904761905,3,0.37142857142857144,3,0.7222222222222222,3,0.7323825046086737,3,0.23333333333333334,3,0,20
dense,B3,C016,B,temporal_pattern,PROVISIONAL_LLM_GOLD,3,24,7,0.09722222222222221,3,0.1388888888888889,3,0.2777777777777778,3,0.09523809523809523,3,0.19549385598995522,3,0.6666666666666666,3,0,20
dense,B3,C017,C,temporal_pattern,PROVISIONAL_LLM_GOLD,3,22,10,0.10606060606060606,3,0.19696969696969696,3,0.42424242424242425,3,0.2,3,0.312825610498005,3,0.5666666666666667,3,0,20
dense,B3,C018,C,temporal_pattern,PROVISIONAL_LLM_GOLD,3,21,3,0.09523809523809523,3,0.1746031746031746,3,0.3492063492063492,3,0.2222222222222222,3,0.22138493431966197,3,0.6333333333333333,3,0,20
dense,B3,C019,A,multivariable,PROVISIONAL_LLM_GOLD,3,24,6,0.125,3,0.20833333333333334,3,0.3055555555555556,3,0.3888888888888889,3,0.3778909198691814,3,0.5,3,0,20
dense,B3,C020,A,multivariable,PROVISIONAL_LLM_GOLD,3,26,11,0.06410256410256411,3,0.16666666666666669,3,0.3333333333333333,3,0.12121212121212122,3,0.2114430090688162,3,0.5666666666666667,3,0,20
dense,B3,C021,B,multivariable,PROVISIONAL_LLM_GOLD,3,21,7,0.07936507936507936,3,0.1746031746031746,3,0.3333333333333333,3,0.38095238095238093,3,0.3976105915810702,3,0.6333333333333333,3,0,20
dense,B3,C022,B,multivariable,PROVISIONAL_LLM_GOLD,3,30,7,0.12222222222222222,3,0.2111111111111111,3,0.41111111111111115,3,0.3333333333333333,3,0.4790933704036476,3,0.36666666666666664,3,0,20
dense,B3,C023,C,multivariable,PROVISIONAL_LLM_GOLD,3,30,4,0.11111111111111112,3,0.18888888888888888,3,0.3111111111111111,3,0.3333333333333333,3,0.4083137554111188,3,0.43333333333333335,3,0,20
dense,B3,C024,C,multivariable,PROVISIONAL_LLM_GOLD,3,28,8,0.17857142857142858,3,0.30952380952380953,3,0.41666666666666663,3,0.4583333333333333,3,0.5852003310309832,3,0.13333333333333333,3,0,20
dense,B4,C001,A,single_variable,PROVISIONAL_LLM_GOLD,3,23,4,0.17391304347826086,3,0.34782608695652173,3,0.43478260869565216,3,0.25,3,0.43341554535764754,3,0.2,3,0,20
dense,B4,C002,A,single_variable,PROVISIONAL_LLM_GOLD,3,23,3,0.17391304347826086,3,0.34782608695652173,3,0.43478260869565216,3,0.3333333333333333,3,0.4798891255258606,3,0.2,3,0,20
dense,B4,C003,B,single_variable,PROVISIONAL_LLM_GOLD,3,19,3,0.15789473684210525,3,0.2631578947368421,3,0.3684210526315789,3,0.0,3,0.3037924476502,3,0.5,3,0,20
dense,B4,C004,B,single_variable,PROVISIONAL_LLM_GOLD,3,18,7,0.2222222222222222,3,0.4444444444444444,3,0.5555555555555556,3,0.5714285714285714,3,0.5653351641870077,3,0.2,3,0,20
dense,B4,C005,C,single_variable,PROVISIONAL_LLM_GOLD,3,24,4,0.125,3,0.25,3,0.4166666666666667,3,0.0,3,0.23455167662481563,3,0.4,3,0,20
dense,B4,C006,C,single_variable,PROVISIONAL_LLM_GOLD,3,24,9,0.16666666666666666,3,0.2916666666666667,3,0.5,3,0.4444444444444444,3,0.48653580725628426,3,0.3,3,0,20
dense,B4,C007,A,personal_baseline,PROVISIONAL_LLM_GOLD,3,17,1,0.11764705882352941,3,0.35294117647058826,3,0.5294117647058824,3,1.0,3,0.48129456125611236,3,0.4,3,0,20
dense,B4,C008,B,personal_baseline,PROVISIONAL_LLM_GOLD,3,23,4,0.21739130434782608,3,0.391304347826087,3,0.4782608695652174,3,0.25,3,0.49868342962058776,3,0.1,3,0,20
dense,B4,C009,B,personal_baseline,PROVISIONAL_LLM_GOLD,3,24,6,0.16666666666666666,3,0.3333333333333333,3,0.4583333333333333,3,0.5,3,0.5251011069036831,3,0.2,3,0,20
dense,B4,C010,A,personal_baseline,PROVISIONAL_LLM_GOLD,3,22,6,0.18181818181818182,3,0.36363636363636365,3,0.5,3,0.3333333333333333,3,0.4685443715338211,3,0.2,3,0,20
dense,B4,C011,C,personal_baseline,PROVISIONAL_LLM_GOLD,3,22,5,0.18181818181818182,3,0.36363636363636365,3,0.45454545454545453,3,0.8,3,0.7745793051059333,3,0.2,3,0,20
dense,B4,C012,C,personal_baseline,PROVISIONAL_LLM_GOLD,3,31,12,0.12903225806451613,3,0.25806451612903225,3,0.3870967741935484,3,0.5,3,0.7035601924731819,3,0.2,3,0,20
dense,B4,C013,A,temporal_pattern,PROVISIONAL_LLM_GOLD,3,21,6,0.14285714285714285,3,0.3333333333333333,3,0.5238095238095238,3,0.3333333333333333,3,0.37651442494566045,3,0.3,3,0,20
dense,B4,C014,A,temporal_pattern,PROVISIONAL_LLM_GOLD,3,26,2,0.15384615384615385,3,0.2692307692307692,3,0.46153846153846156,3,0.0,3,0.42567027195022716,3,0.3,3,0,20
dense,B4,C015,B,temporal_pattern,PROVISIONAL_LLM_GOLD,3,35,6,0.14285714285714285,3,0.2571428571428571,3,0.4,3,0.16666666666666666,3,0.43545248396949726,3,0.1,3,0,20
dense,B4,C016,B,temporal_pattern,PROVISIONAL_LLM_GOLD,3,24,7,0.16666666666666666,3,0.3333333333333333,3,0.5,3,0.5714285714285714,3,0.5616713519610632,3,0.2,3,0,20
dense,B4,C017,C,temporal_pattern,PROVISIONAL_LLM_GOLD,3,22,10,0.18181818181818182,3,0.3181818181818182,3,0.5454545454545454,3,0.5,3,0.502015748331371,3,0.3,3,0,20
dense,B4,C018,C,temporal_pattern,PROVISIONAL_LLM_GOLD,3,21,3,0.19047619047619047,3,0.38095238095238093,3,0.47619047619047616,3,0.3333333333333333,3,0.4741732828107482,3,0.2,3,0,20
dense,B4,C019,A,multivariable,PROVISIONAL_LLM_GOLD,3,24,6,0.16666666666666666,3,0.2916666666666667,3,0.375,3,0.16666666666666666,3,0.3424302136485129,3,0.3,3,0,20
dense,B4,C020,A,multivariable,PROVISIONAL_LLM_GOLD,3,26,11,0.15384615384615385,3,0.3076923076923077,3,0.46153846153846156,3,0.5454545454545454,3,0.691845408100173,3,0.2,3,0,20
dense,B4,C021,B,multivariable,PROVISIONAL_LLM_GOLD,3,21,7,0.14285714285714285,3,0.3333333333333333,3,0.42857142857142855,3,0.2857142857142857,3,0.36419758987022205,3,0.3,3,0,20
dense,B4,C022,B,multivariable,PROVISIONAL_LLM_GOLD,3,30,7,0.13333333333333333,3,0.26666666666666666,3,0.43333333333333335,3,0.42857142857142855,3,0.4384249774268777,3,0.2,3,0,20
dense,B4,C023,C,multivariable,PROVISIONAL_LLM_GOLD,3,30,4,0.13333333333333333,3,0.26666666666666666,3,0.43333333333333335,3,0.25,3,0.3937430332633807,3,0.2,3,0,20
dense,B4,C024,C,multivariable,PROVISIONAL_LLM_GOLD,3,28,8,0.17857142857142858,3,0.32142857142857145,3,0.5,3,0.375,3,0.49652588202737585,3,0.1,3,0,20
