retriever,baseline_id,grouping,group,label_kind,case_count,all_zero_cases,no_strong_cases,empty_rate,recall_at_5,recall_at_5_valid_cases,recall_at_10,recall_at_10_valid_cases,recall_at_20,recall_at_20_valid_cases,strong_recall_at_10,strong_recall_at_10_valid_cases,ndcg_at_10,ndcg_at_10_valid_cases,irrelevant_fraction_at_10,irrelevant_fraction_at_10_valid_cases
bm25,B1,case_type,multivariable,PROVISIONAL_LLM_GOLD,6,0,0,0,0.06762311762311762,6,0.1341015466015466,6,0.25353072853072856,6,0.1956168831168831,6,0.23075307338420487,6,0.6388888888888888,6
bm25,B1,case_type,personal_baseline,PROVISIONAL_LLM_GOLD,6,0,0,0,0.11186194022284279,6,0.19204723235434396,6,0.32906676561284265,6,0.27685185185185185,6,0.35535673929136236,6,0.55,6
bm25,B1,case_type,single_variable,PROVISIONAL_LLM_GOLD,6,0,0,0,0.06835854733451988,6,0.14246440376303077,6,0.26935721953837893,6,0.3375220458553792,6,0.2820846135814905,6,0.6888888888888889,6
bm25,B1,case_type,temporal_pattern,PROVISIONAL_LLM_GOLD,6,0,0,0,0.09975626225626226,6,0.16627076627076626,6,0.2829050579050579,6,0.24788359788359787,6,0.3252726179369585,6,0.5888888888888889,6
bm25,B1,overall,all,PROVISIONAL_LLM_GOLD,24,0,0,0,0.08689996685918563,24,0.1587209872474219,24,0.28371494289675203,24,0.264468594676928,24,0.29836676104850407,24,0.6166666666666667,24
bm25,B1,stratum,A,PROVISIONAL_LLM_GOLD,8,0,0,0,0.09581406800076878,8,0.185378883868334,8,0.3072858425320062,8,0.32702020202020204,8,0.3414776907946806,8,0.575,8
bm25,B1,stratum,B,PROVISIONAL_LLM_GOLD,8,0,0,0,0.08901261305437506,8,0.15401445189059607,8,0.2855129974695192,8,0.22668650793650794,8,0.2741587677567538,8,0.6208333333333333,8
bm25,B1,stratum,C,PROVISIONAL_LLM_GOLD,8,0,0,0,0.07587321952241308,8,0.13676962598333567,8,0.25834598868873065,8,0.23969907407407406,8,0.27946382459407776,8,0.6541666666666667,8
bm25,B2,case_type,multivariable,PROVISIONAL_LLM_GOLD,6,0,0,0,0.11332417582417582,6,0.18822751322751322,6,0.33278388278388277,6,0.3247053872053872,6,0.4149641522702144,6,0.5055555555555555,6
bm25,B2,case_type,personal_baseline,PROVISIONAL_LLM_GOLD,6,0,0,0,0.12322404878196479,6,0.20099905567791881,6,0.3697211749816733,6,0.29814814814814816,6,0.3746252180835863,6,0.5444444444444444,6
bm25,B2,case_type,single_variable,PROVISIONAL_LLM_GOLD,6,0,0,0,0.12451796762437495,6,0.23928934655479278,6,0.3656789417182247,6,0.4470899470899471,6,0.4384656125732193,6,0.48333333333333334,6
bm25,B2,case_type,temporal_pattern,PROVISIONAL_LLM_GOLD,6,0,0,0,0.12408887408887409,6,0.2075998075998076,6,0.36865310615310615,6,0.24391534391534392,6,0.3842003855935884,6,0.5,6
bm25,B2,overall,all,PROVISIONAL_LLM_GOLD,24,0,0,0,0.12128876657984741,24,0.20902893076500811,24,0.35920927640922173,24,0.3284647065897066,24,0.40306384213015206,24,0.5083333333333333,24
bm25,B2,stratum,A,PROVISIONAL_LLM_GOLD,8,0,0,0,0.13223457329115898,8,0.22766934507663408,8,0.36910320781804157,8,0.3216540404040404,8,0.4189084700187544,8,0.4875,8
bm25,B2,stratum,B,PROVISIONAL_LLM_GOLD,8,0,0,0,0.12775700573898513,8,0.2104258608477716,8,0.37163455135423096,8,0.35714285714285715,8,0.4191118271153602,8,0.5083333333333333,8
bm25,B2,stratum,C,PROVISIONAL_LLM_GOLD,8,0,0,0,0.10387472070939813,8,0.18899158637061864,8,0.3368900700553926,8,0.30659722222222224,8,0.3711712292563416,8,0.5291666666666667,8
bm25,B3,case_type,multivariable,PROVISIONAL_LLM_GOLD,6,0,0,0,0.08872608872608873,6,0.18968253968253967,6,0.3412698412698413,6,0.2609427609427609,6,0.3217356716264418,6,0.4888888888888889,6
bm25,B3,case_type,personal_baseline,PROVISIONAL_LLM_GOLD,6,0,0,0,0.09618329779104468,6,0.18091630839650805,6,0.36300902626907083,6,0.325,6,0.3389820237979778,6,0.5777777777777777,6
bm25,B3,case_type,single_variable,PROVISIONAL_LLM_GOLD,6,0,0,0,0.09714806339520297,6,0.20223641834053735,6,0.3864451789699692,6,0.3712522045855379,6,0.3711142748506674,6,0.5611111111111111,6
bm25,B3,case_type,temporal_pattern,PROVISIONAL_LLM_GOLD,6,0,0,0,0.08601537351537351,6,0.1647052022052022,6,0.3292434417434417,6,0.12936507936507935,6,0.2659682616481456,6,0.6,6
bm25,B3,overall,all,PROVISIONAL_LLM_GOLD,24,0,0,0,0.09201820585692748,24,0.18438511715619682,24,0.35499187206308075,24,0.2716400112233445,24,0.32445005798080817,24,0.5569444444444445,24
bm25,B3,stratum,A,PROVISIONAL_LLM_GOLD,8,0,0,0,0.08880386805578622,8,0.17269079137685275,8,0.3555565101281214,8,0.24779040404040403,8,0.293235954335829,8,0.6041666666666666,8
bm25,B3,stratum,B,PROVISIONAL_LLM_GOLD,8,0,0,0,0.10702685154916276,8,0.19825900802731466,8,0.36663469513154867,8,0.2847222222222222,8,0.36351444399524213,8,0.525,8
bm25,B3,stratum,C,PROVISIONAL_LLM_GOLD,8,0,0,0,0.08022389796583344,8,0.18220555206442302,8,0.34278441092957224,8,0.2824074074074074,8,0.31659977561135333,8,0.5416666666666666,8
bm25,B4,case_type,multivariable,PROVISIONAL_LLM_GOLD,6,0,0,0,0.03835470085470086,6,0.11506410256410257,6,0.3492216117216117,6,0.09875541125541125,6,0.12850742119393918,6,0.7,6
bm25,B4,case_type,personal_baseline,PROVISIONAL_LLM_GOLD,6,0,0,0,0.04452260206220275,6,0.13356780618660827,6,0.3792255426969972,6,0.18611111111111112,6,0.18236326161787536,6,0.7,6
bm25,B4,case_type,single_variable,PROVISIONAL_LLM_GOLD,6,0,0,0,0.037640901771336555,6,0.13046656496313247,6,0.36612212899398255,6,0.08465608465608465,6,0.13264249148431145,6,0.7166666666666667,6
bm25,B4,case_type,temporal_pattern,PROVISIONAL_LLM_GOLD,6,0,0,0,0.04156537906537906,6,0.12469613719613719,6,0.36615190365190364,6,0.08492063492063492,6,0.13851653268086514,6,0.7,6
bm25,B4,overall,all,PROVISIONAL_LLM_GOLD,24,0,0,0,0.040520895938404806,24,0.12594865272749511,24,0.3651802967661238,24,0.11361081048581048,24,0.1455074267442478,24,0.7041666666666666,24
bm25,B4,stratum,A,PROVISIONAL_LLM_GOLD,8,0,0,0,0.044680423476778974,8,0.13404127043033692,8,0.3763741719703996,8,0.08522727272727272,8,0.14505591908278784,8,0.7,8
bm25,B4,stratum,B,PROVISIONAL_LLM_GOLD,8,0,0,0,0.03648636991028295,8,0.12261700446769097,8,0.3530595056481784,8,0.13095238095238093,8,0.13922956284146504,8,0.7124999999999999,8
bm25,B4,stratum,C,PROVISIONAL_LLM_GOLD,8,0,0,0,0.040395894428152494,8,0.12118768328445748,8,0.36610721267979335,8,0.12465277777777778,8,0.15223679830849046,8,0.7,8
dense,B1,case_type,multivariable,PROVISIONAL_LLM_GOLD,6,0,0,0,0.11702787952787953,6,0.20802299552299552,6,0.39141737891737893,6,0.3091931216931217,6,0.3979303795909213,6,0.4444444444444444,6
dense,B1,case_type,personal_baseline,PROVISIONAL_LLM_GOLD,6,0,0,0,0.15869461743358287,6,0.24552242164237872,6,0.43678894588988637,6,0.44166666666666665,6,0.46133000657159584,6,0.43333333333333335,6
dense,B1,case_type,single_variable,PROVISIONAL_LLM_GOLD,6,0,0,0,0.15497252592027572,6,0.2315556403085007,6,0.42679111224115035,6,0.36948853615520283,6,0.44243778325384125,6,0.5055555555555555,6
dense,B1,case_type,temporal_pattern,PROVISIONAL_LLM_GOLD,6,0,0,0,0.1300074925074925,6,0.20572020572020572,6,0.40899933399933397,6,0.3727513227513227,6,0.40177532754958417,6,0.49444444444444446,6
dense,B1,overall,all,PROVISIONAL_LLM_GOLD,24,0,0,0,0.14017562884730767,24,0.22270531579852018,24,0.4159991927619374,24,0.37327491181657846,24,0.42586837424148566,24,0.46944444444444444,24
dense,B1,stratum,A,PROVISIONAL_LLM_GOLD,8,0,0,0,0.14571225964288625,8,0.21996079456917053,8,0.41483647338027135,8,0.4097222222222222,8,0.4148670222972234,8,0.5041666666666667,8
dense,B1,stratum,B,PROVISIONAL_LLM_GOLD,8,0,0,0,0.14717314875352633,8,0.25061203733972615,8,0.42098403466395456,8,0.38244047619047616,8,0.4478068617136648,8,0.4041666666666667,8
dense,B1,stratum,C,PROVISIONAL_LLM_GOLD,8,0,0,0,0.1276414781455104,8,0.19754311548666387,8,0.41217707024158634,8,0.327662037037037,8,0.41493123871356874,8,0.5,8
dense,B2,case_type,multivariable,PROVISIONAL_LLM_GOLD,6,0,0,0,0.14122914122914124,6,0.2501017501017501,6,0.42507631257631256,6,0.35903679653679654,6,0.4636639004168999,6,0.3333333333333333,6
dense,B2,case_type,personal_baseline,PROVISIONAL_LLM_GOLD,6,0,0,0,0.15901085560663977,6,0.2659233515753192,6,0.44339958240935884,6,0.41759259259259257,6,0.4780595562971979,6,0.39444444444444443,6
dense,B2,case_type,single_variable,PROVISIONAL_LLM_GOLD,6,0,0,0,0.16455667146933356,6,0.27043781958923074,6,0.4451418905556968,6,0.47619047619047616,6,0.49696414556512203,6,0.4222222222222222,6
dense,B2,case_type,temporal_pattern,PROVISIONAL_LLM_GOLD,6,0,0,0,0.15323380323380323,6,0.254956154956155,6,0.4677840677840678,6,0.2957671957671958,6,0.46026151278057936,6,0.37777777777777777,6
dense,B2,overall,all,PROVISIONAL_LLM_GOLD,24,0,0,0,0.15450761788472944,24,0.2603547690556138,24,0.445350463331359,24,0.3871467652717653,24,0.4747372787649498,24,0.3819444444444445,24
dense,B2,stratum,A,PROVISIONAL_LLM_GOLD,8,0,0,0,0.1494310694278725,8,0.25836148790112984,8,0.45564484978647385,8,0.42676767676767674,8,0.4623142247531349,8,0.4166666666666667,8
dense,B2,stratum,B,PROVISIONAL_LLM_GOLD,8,0,0,0,0.16425601291877034,8,0.2871149416415435,8,0.45242525849648274,8,0.3759920634920635,8,0.4928562968921478,8,0.32083333333333336,8
dense,B2,stratum,C,PROVISIONAL_LLM_GOLD,8,0,0,0,0.1498357713075455,8,0.23558787762416794,8,0.42798128171112043,8,0.35868055555555556,8,0.4690413146495666,8,0.4083333333333333,8
dense,B3,case_type,multivariable,PROVISIONAL_LLM_GOLD,6,0,0,0,0.1133954008954009,6,0.20985449735449735,6,0.35185185185185186,6,0.3360088985088985,6,0.4099253295608029,6,0.4388888888888889,6
dense,B3,case_type,personal_baseline,PROVISIONAL_LLM_GOLD,6,0,0,0,0.11706055550416578,6,0.18956944593752612,6,0.3387527337283958,6,0.3,6,0.3429978950930495,6,0.5666666666666667,6
dense,B3,case_type,single_variable,PROVISIONAL_LLM_GOLD,6,0,0,0,0.12784981778116788,6,0.23054390202559538,6,0.42202199338927027,6,0.5535714285714286,6,0.4381189758224063,6,0.5055555555555555,6
dense,B3,case_type,temporal_pattern,PROVISIONAL_LLM_GOLD,6,0,0,0,0.10860574610574611,6,0.19382746882746882,6,0.36785806785806785,6,0.2806878306878307,6,0.3553186718603926,6,0.5166666666666666,6
dense,B3,overall,all,PROVISIONAL_LLM_GOLD,24,0,0,0,0.11672788007162016,24,0.20594882853627192,24,0.37012116170689646,24,0.36756703944203944,24,0.38659021808416283,24,0.5069444444444444,24
dense,B3,stratum,A,PROVISIONAL_LLM_GOLD,8,0,0,0,0.10925574052971751,8,0.19832113130546636,8,0.3633689857315177,8,0.34501262626262624,8,0.3311032347315892,8,0.5541666666666667,8
dense,B3,stratum,B,PROVISIONAL_LLM_GOLD,8,0,0,0,0.12137261178308088,8,0.21785702934873416,8,0.38406523555264976,8,0.4191468253968254,8,0.4507434423289193,8,0.47916666666666663,8
dense,B3,stratum,C,PROVISIONAL_LLM_GOLD,8,0,0,0,0.1195552879020621,8,0.20166832495461529,8,0.3629292638365219,8,0.3385416666666667,8,0.37792397719197995,8,0.4875,8
dense,B4,case_type,multivariable,PROVISIONAL_LLM_GOLD,6,0,0,0,0.15143467643467642,6,0.2979090354090354,6,0.4386294261294261,6,0.3419011544011544,6,0.45452785072275703,6,0.21666666666666667,6
dense,B4,case_type,personal_baseline,PROVISIONAL_LLM_GOLD,6,0,0,0,0.16572894192315032,6,0.34381935017196136,6,0.46794136605723935,6,0.5638888888888889,6,0.5752938278155533,6,0.21666666666666667,6
dense,B4,case_type,single_variable,PROVISIONAL_LLM_GOLD,6,0,0,0,0.16993495211458598,6,0.3241535299601661,6,0.45170141537418423,6,0.2665343915343915,6,0.41725329443363596,6,0.3,6
dense,B4,case_type,temporal_pattern,PROVISIONAL_LLM_GOLD,6,0,0,0,0.1630869130869131,6,0.3153624153624153,6,0.4844988344988345,6,0.31746031746031744,6,0.46258292732809453,6,0.23333333333333334,6
dense,B4,overall,all,PROVISIONAL_LLM_GOLD,24,0,0,0,0.16254637088983145,24,0.32031108272589454,24,0.46069276051492103,24,0.37244618807118807,24,0.4774144750750102,24,0.24166666666666667,24
dense,B4,stratum,A,PROVISIONAL_LLM_GOLD,8,0,0,0,0.1580634306017938,8,0.326769098867884,8,0.4651079286229542,8,0.3702651515151515,8,0.4624504902897519,8,0.2625,8
dense,B4,stratum,B,PROVISIONAL_LLM_GOLD,8,0,0,0,0.16873615197413824,8,0.32783952635211216,8,0.4528094466238059,8,0.34672619047619047,8,0.4615823189486423,8,0.225,8
dense,B4,stratum,C,PROVISIONAL_LLM_GOLD,8,0,0,0,0.16083953009356236,8,0.3063246229576875,8,0.46416090629800305,8,0.40034722222222224,8,0.5082106159866364,8,0.23750000000000002,8
