case_id,knowledge_id,relevance
C001,K001,2
C001,K002,0
C001,K003,0
C001,K004,0
C001,K005,1
C001,K006,2
C001,K007,1
C001,K008,0
C001,K009,0
C001,K010,1
C001,K011,2
C001,K012,1
C001,K013,1
C001,K014,0
C001,K015,1
C001,K016,0
C001,K017,0
C001,K018,0
C001,K019,0
C001,K020,0
C001,K021,0
C001,K022,0
C001,K023,0
C001,K024,0
C001,K025,0
C001,K026,0
C001,K027,0
C001,K028,0
C001,K029,0
C001,K030,0
C001,K031,0
C001,K032,0
C001,K033,0
C001,K034,2
C001,K035,0
C001,K036,0
C001,K037,0
C001,K038,0
C001,K039,0
C001,K040,0
C001,K041,0
C001,K042,0
C001,K043,0
C001,K044,0
C001,K045,0
C001,K046,0
C001,K047,0
C001,K048,0
C001,K049,0
C001,K050,0
C001,K051,0
C001,K052,0
C001,K053,0
C001,K054,0
C001,K055,0
C001,K056,0
C001,K057,0
C001,K058,0
C001,K059,0
C001,K060,0
C001,K061,0
C001,K062,0
C001,K063,0
C001,K064,0
C001,K065,0
C001,K066,0
C001,K067,0
C001,K068,1
C001,K069,0
C001,K070,0
C001,K071,0
C001,K072,0
C001,K073,1
C001,K074,0
C001,K075,0
C001,K076,0
C001,K077,1
C001,K078,1
C001,K079,1
C001,K080,1
C001,K081,1
C001,K082,1
C001,K083,1
C001,K084,1
C001,K085,1
C001,K086,1
C001,K087,0
C001,K088,0
C001,K089,0
C001,K090,0
C001,K091,0
C001,K092,0
C001,K093,0
C001,K094,1
C001,K095,0
C001,K096,0
C002,K001,2
C002,K002,0
C002,K003,0
C002,K004,0
C002,K005,0
C002,K006,0
C002,K007,1
C002,K008,0
C002,K009,0
C002,K010,0
C002,K011,0
C002,K012,0
C002,K013,0
C002,K014,0
C002,K015,1
C002,K016,0
C002,K017,0
C002,K018,0
C002,K019,0
C002,K020,0
C002,K021,0
C002,K022,0
C002,K023,0
C002,K024,0
C002,K025,0
C002,K026,0
C002,K027,0
C002,K028,0
C002,K029,0
C002,K030,0
C002,K031,0
C002,K032,0
C002,K033,0
C002,K034,0
C002,K035,0
C002,K036,0
C002,K037,0
C002,K038,0
C002,K039,0
C002,K040,0
C002,K041,1
C002,K042,1
C002,K043,0
C002,K044,0
C002,K045,0
C002,K046,0
C002,K047,0
C002,K048,0
C002,K049,0
C002,K050,2
C002,K051,1
C002,K052,0
C002,K053,0
C002,K054,0
C002,K055,0
C002,K056,0
C002,K057,0
C002,K058,0
C002,K059,0
C002,K060,0
C002,K061,0
C002,K062,0
C002,K063,0
C002,K064,0
C002,K065,1
C002,K066,0
C002,K067,0
C002,K068,1
C002,K069,0
C002,K070,0
C002,K071,0
C002,K072,0
C002,K073,1
C002,K074,0
C002,K075,0
C002,K076,0
C002,K077,1
C002,K078,1
C002,K079,0
C002,K080,1
C002,K081,1
C002,K082,1
C002,K083,1
C002,K084,1
C002,K085,1
C002,K086,1
C002,K087,0
C002,K088,0
C002,K089,0
C002,K090,1
C002,K091,0
C002,K092,0
C002,K093,0
C002,K094,1
C002,K095,1
C002,K096,2
C003,K001,2
C003,K002,0
C003,K003,0
C003,K004,0
C003,K005,1
C003,K006,1
C003,K007,0
C003,K008,0
C003,K009,0
C003,K010,1
C003,K011,1
C003,K012,0
C003,K013,0
C003,K014,0
C003,K015,1
C003,K016,0
C003,K017,2
C003,K018,0
C003,K019,0
C003,K020,0
C003,K021,0
C003,K022,0
C003,K023,0
C003,K024,0
C003,K025,0
C003,K026,0
C003,K027,0
C003,K028,0
C003,K029,0
C003,K030,0
C003,K031,0
C003,K032,0
C003,K033,0
C003,K034,2
C003,K035,0
C003,K036,0
C003,K037,0
C003,K038,0
C003,K039,0
C003,K040,0
C003,K041,0
C003,K042,0
C003,K043,0
C003,K044,0
C003,K045,0
C003,K046,0
C003,K047,0
C003,K048,0
C003,K049,0
C003,K050,0
C003,K051,0
C003,K052,0
C003,K053,0
C003,K054,0
C003,K055,0
C003,K056,0
C003,K057,0
C003,K058,0
C003,K059,0
C003,K060,0
C003,K061,0
C003,K062,0
C003,K063,0
C003,K064,0
C003,K065,0
C003,K066,0
C003,K067,0
C003,K068,0
C003,K069,0
C003,K070,0
C003,K071,0
C003,K072,0
C003,K073,1
C003,K074,0
C003,K075,0
C003,K076,0
C003,K077,0
C003,K078,0
C003,K079,0
C003,K080,0
C003,K081,1
C003,K082,1
C003,K083,1
C003,K084,1
C003,K085,1
C003,K086,1
C003,K087,0
C003,K088,0
C003,K089,0
C003,K090,1
C003,K091,1
C003,K092,0
C003,K093,0
C003,K094,1
C003,K095,1
C003,K096,0
C004,K001,2
C004,K002,0
C004,K003,0
C004,K004,0
C004,K005,0
C004,K006,0
C004,K007,0
C004,K008,0
C004,K009,0
C004,K010,0
C004,K011,0
C004,K012,0
C004,K013,0
C004,K014,0
C004,K015,1
C004,K016,0
C004,K017,1
C004,K018,0
C004,K019,1
C004,K020,0
C004,K021,0
C004,K022,0
C004,K023,0
C004,K024,0
C004,K025,0
C004,K026,0
C004,K027,0
C004,K028,0
C004,K029,0
C004,K030,0
C004,K031,0
C004,K032,0
C004,K033,0
C004,K034,0
C004,K035,0
C004,K036,0
C004,K037,0
C004,K038,0
C004,K039,0
C004,K040,0
C004,K041,0
C004,K042,0
C004,K043,0
C004,K044,0
C004,K045,0
C004,K046,0
C004,K047,0
C004,K048,0
C004,K049,0
C004,K050,0
C004,K051,0
C004,K052,0
C004,K053,0
C004,K054,0
C004,K055,0
C004,K056,0
C004,K057,0
C004,K058,0
C004,K059,0
C004,K060,0
C004,K061,0
C004,K062,0
C004,K063,0
C004,K064,0
C004,K065,0
C004,K066,0
C004,K067,0
C004,K068,1
C004,K069,0
C004,K070,0
C004,K071,0
C004,K072,0
C004,K073,1
C004,K074,0
C004,K075,0
C004,K076,0
C004,K077,2
C004,K078,1
C004,K079,0
C004,K080,2
C004,K081,2
C004,K082,2
C004,K083,1
C004,K084,2
C004,K085,2
C004,K086,1
C004,K087,0
C004,K088,0
C004,K089,0
C004,K090,1
C004,K091,0
C004,K092,0
C004,K093,0
C004,K094,1
C004,K095,1
C004,K096,0
C005,K001,2
C005,K002,0
C005,K003,0
C005,K004,0
C005,K005,1
C005,K006,1
C005,K007,1
C005,K008,0
C005,K009,0
C005,K010,0
C005,K011,2
C005,K012,0
C005,K013,0
C005,K014,0
C005,K015,1
C005,K016,0
C005,K017,2
C005,K018,0
C005,K019,0
C005,K020,0
C005,K021,0
C005,K022,0
C005,K023,0
C005,K024,0
C005,K025,0
C005,K026,0
C005,K027,0
C005,K028,0
C005,K029,0
C005,K030,0
C005,K031,0
C005,K032,0
C005,K033,1
C005,K034,2
C005,K035,0
C005,K036,0
C005,K037,0
C005,K038,0
C005,K039,0
C005,K040,0
C005,K041,0
C005,K042,0
C005,K043,0
C005,K044,0
C005,K045,0
C005,K046,0
C005,K047,0
C005,K048,0
C005,K049,0
C005,K050,0
C005,K051,0
C005,K052,0
C005,K053,0
C005,K054,0
C005,K055,0
C005,K056,0
C005,K057,0
C005,K058,0
C005,K059,0
C005,K060,0
C005,K061,0
C005,K062,0
C005,K063,0
C005,K064,0
C005,K065,0
C005,K066,0
C005,K067,0
C005,K068,1
C005,K069,0
C005,K070,0
C005,K071,0
C005,K072,0
C005,K073,1
C005,K074,0
C005,K075,0
C005,K076,1
C005,K077,1
C005,K078,1
C005,K079,1
C005,K080,1
C005,K081,1
C005,K082,1
C005,K083,1
C005,K084,1
C005,K085,1
C005,K086,0
C005,K087,0
C005,K088,0
C005,K089,0
C005,K090,1
C005,K091,0
C005,K092,0
C005,K093,0
C005,K094,1
C005,K095,1
C005,K096,0
C006,K001,2
C006,K002,0
C006,K003,0
C006,K004,0
C006,K005,0
C006,K006,0
C006,K007,1
C006,K008,0
C006,K009,0
C006,K010,0
C006,K011,0
C006,K012,0
C006,K013,0
C006,K014,0
C006,K015,2
C006,K016,0
C006,K017,0
C006,K018,0
C006,K019,0
C006,K020,0
C006,K021,0
C006,K022,0
C006,K023,0
C006,K024,0
C006,K025,0
C006,K026,0
C006,K027,0
C006,K028,0
C006,K029,0
C006,K030,0
C006,K031,0
C006,K032,0
C006,K033,0
C006,K034,0
C006,K035,0
C006,K036,0
C006,K037,0
C006,K038,0
C006,K039,0
C006,K040,0
C006,K041,0
C006,K042,0
C006,K043,0
C006,K044,0
C006,K045,0
C006,K046,0
C006,K047,0
C006,K048,0
C006,K049,0
C006,K050,1
C006,K051,0
C006,K052,0
C006,K053,0
C006,K054,0
C006,K055,0
C006,K056,0
C006,K057,1
C006,K058,1
C006,K059,0
C006,K060,0
C006,K061,0
C006,K062,0
C006,K063,0
C006,K064,0
C006,K065,1
C006,K066,0
C006,K067,0
C006,K068,2
C006,K069,0
C006,K070,0
C006,K071,1
C006,K072,0
C006,K073,1
C006,K074,0
C006,K075,0
C006,K076,0
C006,K077,2
C006,K078,1
C006,K079,1
C006,K080,1
C006,K081,2
C006,K082,2
C006,K083,2
C006,K084,2
C006,K085,2
C006,K086,1
C006,K087,0
C006,K088,0
C006,K089,0
C006,K090,1
C006,K091,0
C006,K092,0
C006,K093,0
C006,K094,1
C006,K095,1
C006,K096,1
C007,K001,2
C007,K002,0
C007,K003,0
C007,K004,0
C007,K005,0
C007,K006,1
C007,K007,1
C007,K008,0
C007,K009,0
C007,K010,0
C007,K011,0
C007,K012,0
C007,K013,0
C007,K014,0
C007,K015,1
C007,K016,0
C007,K017,0
C007,K018,0
C007,K019,0
C007,K020,0
C007,K021,0
C007,K022,0
C007,K023,0
C007,K024,0
C007,K025,0
C007,K026,0
C007,K027,0
C007,K028,0
C007,K029,0
C007,K030,0
C007,K031,0
C007,K032,0
C007,K033,0
C007,K034,1
C007,K035,0
C007,K036,0
C007,K037,0
C007,K038,0
C007,K039,0
C007,K040,0
C007,K041,0
C007,K042,0
C007,K043,0
C007,K044,0
C007,K045,0
C007,K046,0
C007,K047,0
C007,K048,0
C007,K049,0
C007,K050,0
C007,K051,0
C007,K052,0
C007,K053,0
C007,K054,0
C007,K055,0
C007,K056,0
C007,K057,0
C007,K058,0
C007,K059,0
C007,K060,0
C007,K061,0
C007,K062,0
C007,K063,0
C007,K064,0
C007,K065,0
C007,K066,0
C007,K067,0
C007,K068,1
C007,K069,0
C007,K070,0
C007,K071,0
C007,K072,0
C007,K073,1
C007,K074,0
C007,K075,0
C007,K076,0
C007,K077,1
C007,K078,1
C007,K079,0
C007,K080,1
C007,K081,1
C007,K082,1
C007,K083,1
C007,K084,1
C007,K085,0
C007,K086,0
C007,K087,0
C007,K088,0
C007,K089,0
C007,K090,1
C007,K091,0
C007,K092,0
C007,K093,0
C007,K094,1
C007,K095,1
C007,K096,0
C008,K001,2
C008,K002,0
C008,K003,0
C008,K004,0
C008,K005,0
C008,K006,0
C008,K007,1
C008,K008,0
C008,K009,0
C008,K010,0
C008,K011,0
C008,K012,0
C008,K013,0
C008,K014,0
C008,K015,1
C008,K016,0
C008,K017,0
C008,K018,0
C008,K019,0
C008,K020,0
C008,K021,0
C008,K022,0
C008,K023,0
C008,K024,0
C008,K025,0
C008,K026,0
C008,K027,0
C008,K028,0
C008,K029,0
C008,K030,0
C008,K031,0
C008,K032,0
C008,K033,0
C008,K034,0
C008,K035,0
C008,K036,0
C008,K037,0
C008,K038,0
C008,K039,0
C008,K040,0
C008,K041,0
C008,K042,0
C008,K043,0
C008,K044,0
C008,K045,0
C008,K046,0
C008,K047,0
C008,K048,0
C008,K049,0
C008,K050,2
C008,K051,0
C008,K052,0
C008,K053,0
C008,K054,0
C008,K055,0
C008,K056,0
C008,K057,0
C008,K058,0
C008,K059,0
C008,K060,0
C008,K061,0
C008,K062,0
C008,K063,0
C008,K064,0
C008,K065,1
C008,K066,0
C008,K067,0
C008,K068,1
C008,K069,0
C008,K070,0
C008,K071,1
C008,K072,0
C008,K073,1
C008,K074,0
C008,K075,0
C008,K076,0
C008,K077,1
C008,K078,1
C008,K079,0
C008,K080,1
C008,K081,1
C008,K082,1
C008,K083,1
C008,K084,1
C008,K085,2
C008,K086,1
C008,K087,0
C008,K088,0
C008,K089,0
C008,K090,1
C008,K091,1
C008,K092,1
C008,K093,0
C008,K094,1
C008,K095,1
C008,K096,2
C009,K001,2
C009,K002,0
C009,K003,0
C009,K004,0
C009,K005,0
C009,K006,0
C009,K007,1
C009,K008,0
C009,K009,0
C009,K010,0
C009,K011,0
C009,K012,0
C009,K013,0
C009,K014,0
C009,K015,1
C009,K016,0
C009,K017,0
C009,K018,0
C009,K019,0
C009,K020,0
C009,K021,0
C009,K022,0
C009,K023,0
C009,K024,0
C009,K025,0
C009,K026,0
C009,K027,0
C009,K028,0
C009,K029,0
C009,K030,0
C009,K031,0
C009,K032,0
C009,K033,1
C009,K034,0
C009,K035,0
C009,K036,0
C009,K037,0
C009,K038,0
C009,K039,0
C009,K040,0
C009,K041,0
C009,K042,0
C009,K043,0
C009,K044,0
C009,K045,0
C009,K046,0
C009,K047,0
C009,K048,0
C009,K049,0
C009,K050,1
C009,K051,0
C009,K052,0
C009,K053,0
C009,K054,0
C009,K055,0
C009,K056,0
C009,K057,0
C009,K058,0
C009,K059,0
C009,K060,0
C009,K061,0
C009,K062,0
C009,K063,0
C009,K064,0
C009,K065,1
C009,K066,0
C009,K067,0
C009,K068,1
C009,K069,0
C009,K070,0
C009,K071,0
C009,K072,0
C009,K073,1
C009,K074,0
C009,K075,0
C009,K076,1
C009,K077,2
C009,K078,1
C009,K079,2
C009,K080,1
C009,K081,1
C009,K082,2
C009,K083,2
C009,K084,1
C009,K085,2
C009,K086,1
C009,K087,0
C009,K088,0
C009,K089,1
C009,K090,1
C009,K091,0
C009,K092,0
C009,K093,0
C009,K094,1
C009,K095,1
C009,K096,1
C010,K001,2
C010,K002,0
C010,K003,0
C010,K004,0
C010,K005,0
C010,K006,0
C010,K007,1
C010,K008,0
C010,K009,0
C010,K010,0
C010,K011,0
C010,K012,0
C010,K013,0
C010,K014,0
C010,K015,1
C010,K016,0
C010,K017,1
C010,K018,0
C010,K019,1
C010,K020,0
C010,K021,0
C010,K022,0
C010,K023,0
C010,K024,0
C010,K025,0
C010,K026,0
C010,K027,0
C010,K028,0
C010,K029,0
C010,K030,0
C010,K031,0
C010,K032,0
C010,K033,0
C010,K034,0
C010,K035,0
C010,K036,0
C010,K037,0
C010,K038,0
C010,K039,0
C010,K040,0
C010,K041,0
C010,K042,0
C010,K043,0
C010,K044,0
C010,K045,0
C010,K046,0
C010,K047,0
C010,K048,0
C010,K049,0
C010,K050,2
C010,K051,0
C010,K052,0
C010,K053,0
C010,K054,0
C010,K055,0
C010,K056,0
C010,K057,0
C010,K058,0
C010,K059,0
C010,K060,0
C010,K061,0
C010,K062,0
C010,K063,0
C010,K064,0
C010,K065,1
C010,K066,0
C010,K067,0
C010,K068,1
C010,K069,0
C010,K070,0
C010,K071,0
C010,K072,0
C010,K073,1
C010,K074,0
C010,K075,0
C010,K076,0
C010,K077,2
C010,K078,1
C010,K079,1
C010,K080,1
C010,K081,1
C010,K082,2
C010,K083,1
C010,K084,1
C010,K085,2
C010,K086,1
C010,K087,0
C010,K088,0
C010,K089,0
C010,K090,1
C010,K091,0
C010,K092,0
C010,K093,0
C010,K094,1
C010,K095,0
C010,K096,2
C011,K001,2
C011,K002,0
C011,K003,0
C011,K004,0
C011,K005,0
C011,K006,0
C011,K007,1
C011,K008,0
C011,K009,0
C011,K010,0
C011,K011,0
C011,K012,0
C011,K013,0
C011,K014,0
C011,K015,1
C011,K016,0
C011,K017,0
C011,K018,0
C011,K019,0
C011,K020,0
C011,K021,0
C011,K022,0
C011,K023,0
C011,K024,0
C011,K025,0
C011,K026,0
C011,K027,0
C011,K028,0
C011,K029,0
C011,K030,0
C011,K031,0
C011,K032,0
C011,K033,0
C011,K034,0
C011,K035,0
C011,K036,0
C011,K037,0
C011,K038,0
C011,K039,0
C011,K040,0
C011,K041,0
C011,K042,0
C011,K043,0
C011,K044,0
C011,K045,0
C011,K046,0
C011,K047,0
C011,K048,0
C011,K049,0
C011,K050,1
C011,K051,0
C011,K052,0
C011,K053,0
C011,K054,0
C011,K055,0
C011,K056,0
C011,K057,0
C011,K058,0
C011,K059,0
C011,K060,0
C011,K061,0
C011,K062,0
C011,K063,0
C011,K064,0
C011,K065,1
C011,K066,0
C011,K067,0
C011,K068,1
C011,K069,0
C011,K070,0
C011,K071,1
C011,K072,0
C011,K073,1
C011,K074,0
C011,K075,0
C011,K076,0
C011,K077,2
C011,K078,1
C011,K079,1
C011,K080,2
C011,K081,1
C011,K082,1
C011,K083,1
C011,K084,1
C011,K085,2
C011,K086,2
C011,K087,0
C011,K088,0
C011,K089,0
C011,K090,1
C011,K091,0
C011,K092,0
C011,K093,0
C011,K094,1
C011,K095,1
C011,K096,1
C012,K001,2
C012,K002,0
C012,K003,0
C012,K004,0
C012,K005,0
C012,K006,0
C012,K007,1
C012,K008,1
C012,K009,0
C012,K010,0
C012,K011,0
C012,K012,0
C012,K013,0
C012,K014,0
C012,K015,1
C012,K016,0
C012,K017,1
C012,K018,0
C012,K019,1
C012,K020,0
C012,K021,0
C012,K022,0
C012,K023,0
C012,K024,0
C012,K025,0
C012,K026,0
C012,K027,0
C012,K028,0
C012,K029,0
C012,K030,0
C012,K031,0
C012,K032,0
C012,K033,0
C012,K034,0
C012,K035,0
C012,K036,0
C012,K037,0
C012,K038,0
C012,K039,0
C012,K040,0
C012,K041,0
C012,K042,0
C012,K043,0
C012,K044,0
C012,K045,0
C012,K046,1
C012,K047,0
C012,K048,1
C012,K049,0
C012,K050,1
C012,K051,0
C012,K052,0
C012,K053,0
C012,K054,0
C012,K055,0
C012,K056,0
C012,K057,1
C012,K058,1
C012,K059,1
C012,K060,0
C012,K061,0
C012,K062,0
C012,K063,0
C012,K064,0
C012,K065,1
C012,K066,0
C012,K067,0
C012,K068,2
C012,K069,1
C012,K070,0
C012,K071,1
C012,K072,0
C012,K073,1
C012,K074,0
C012,K075,0
C012,K076,0
C012,K077,2
C012,K078,2
C012,K079,1
C012,K080,2
C012,K081,2
C012,K082,2
C012,K083,2
C012,K084,2
C012,K085,2
C012,K086,2
C012,K087,0
C012,K088,0
C012,K089,0
C012,K090,1
C012,K091,0
C012,K092,0
C012,K093,0
C012,K094,2
C012,K095,1
C012,K096,1
C013,K001,2
C013,K002,0
C013,K003,0
C013,K004,0
C013,K005,0
C013,K006,0
C013,K007,1
C013,K008,0
C013,K009,0
C013,K010,0
C013,K011,0
C013,K012,0
C013,K013,0
C013,K014,0
C013,K015,1
C013,K016,0
C013,K017,2
C013,K018,0
C013,K019,1
C013,K020,0
C013,K021,0
C013,K022,0
C013,K023,0
C013,K024,0
C013,K025,0
C013,K026,0
C013,K027,0
C013,K028,0
C013,K029,0
C013,K030,0
C013,K031,0
C013,K032,0
C013,K033,1
C013,K034,0
C013,K035,0
C013,K036,0
C013,K037,0
C013,K038,0
C013,K039,0
C013,K040,0
C013,K041,0
C013,K042,0
C013,K043,0
C013,K044,0
C013,K045,0
C013,K046,0
C013,K047,0
C013,K048,0
C013,K049,0
C013,K050,1
C013,K051,0
C013,K052,0
C013,K053,0
C013,K054,0
C013,K055,0
C013,K056,0
C013,K057,0
C013,K058,0
C013,K059,0
C013,K060,0
C013,K061,0
C013,K062,0
C013,K063,0
C013,K064,0
C013,K065,1
C013,K066,0
C013,K067,0
C013,K068,2
C013,K069,0
C013,K070,0
C013,K071,0
C013,K072,0
C013,K073,1
C013,K074,0
C013,K075,0
C013,K076,0
C013,K077,2
C013,K078,1
C013,K079,1
C013,K080,1
C013,K081,1
C013,K082,1
C013,K083,1
C013,K084,2
C013,K085,2
C013,K086,0
C013,K087,0
C013,K088,0
C013,K089,0
C013,K090,0
C013,K091,0
C013,K092,0
C013,K093,0
C013,K094,1
C013,K095,0
C013,K096,1
C014,K001,2
C014,K002,0
C014,K003,0
C014,K004,0
C014,K005,0
C014,K006,0
C014,K007,1
C014,K008,0
C014,K009,0
C014,K010,0
C014,K011,0
C014,K012,0
C014,K013,0
C014,K014,0
C014,K015,1
C014,K016,0
C014,K017,1
C014,K018,0
C014,K019,0
C014,K020,0
C014,K021,0
C014,K022,0
C014,K023,0
C014,K024,0
C014,K025,0
C014,K026,0
C014,K027,0
C014,K028,0
C014,K029,0
C014,K030,0
C014,K031,0
C014,K032,0
C014,K033,0
C014,K034,0
C014,K035,0
C014,K036,0
C014,K037,0
C014,K038,0
C014,K039,0
C014,K040,0
C014,K041,1
C014,K042,1
C014,K043,0
C014,K044,0
C014,K045,0
C014,K046,0
C014,K047,0
C014,K048,0
C014,K049,0
C014,K050,1
C014,K051,1
C014,K052,0
C014,K053,0
C014,K054,0
C014,K055,0
C014,K056,0
C014,K057,1
C014,K058,1
C014,K059,1
C014,K060,0
C014,K061,0
C014,K062,0
C014,K063,0
C014,K064,0
C014,K065,1
C014,K066,0
C014,K067,0
C014,K068,1
C014,K069,0
C014,K070,0
C014,K071,0
C014,K072,0
C014,K073,1
C014,K074,0
C014,K075,0
C014,K076,0
C014,K077,1
C014,K078,1
C014,K079,1
C014,K080,1
C014,K081,1
C014,K082,1
C014,K083,1
C014,K084,1
C014,K085,2
C014,K086,1
C014,K087,0
C014,K088,0
C014,K089,0
C014,K090,0
C014,K091,0
C014,K092,0
C014,K093,0
C014,K094,1
C014,K095,0
C014,K096,1
C015,K001,2
C015,K002,0
C015,K003,0
C015,K004,0
C015,K005,1
C015,K006,1
C015,K007,1
C015,K008,0
C015,K009,0
C015,K010,1
C015,K011,2
C015,K012,1
C015,K013,1
C015,K014,0
C015,K015,1
C015,K016,0
C015,K017,2
C015,K018,0
C015,K019,2
C015,K020,0
C015,K021,0
C015,K022,0
C015,K023,0
C015,K024,0
C015,K025,0
C015,K026,0
C015,K027,0
C015,K028,0
C015,K029,0
C015,K030,0
C015,K031,0
C015,K032,0
C015,K033,1
C015,K034,2
C015,K035,2
C015,K036,0
C015,K037,0
C015,K038,0
C015,K039,0
C015,K040,0
C015,K041,0
C015,K042,0
C015,K043,0
C015,K044,0
C015,K045,0
C015,K046,0
C015,K047,0
C015,K048,0
C015,K049,0
C015,K050,1
C015,K051,0
C015,K052,0
C015,K053,0
C015,K054,0
C015,K055,0
C015,K056,0
C015,K057,1
C015,K058,1
C015,K059,1
C015,K060,0
C015,K061,0
C015,K062,0
C015,K063,0
C015,K064,0
C015,K065,0
C015,K066,0
C015,K067,0
C015,K068,1
C015,K069,0
C015,K070,0
C015,K071,0
C015,K072,0
C015,K073,1
C015,K074,0
C015,K075,0
C015,K076,0
C015,K077,1
C015,K078,1
C015,K079,1
C015,K080,1
C015,K081,1
C015,K082,1
C015,K083,1
C015,K084,1
C015,K085,1
C015,K086,1
C015,K087,0
C015,K088,0
C015,K089,0
C015,K090,1
C015,K091,1
C015,K092,0
C015,K093,0
C015,K094,1
C015,K095,1
C015,K096,1
C016,K001,2
C016,K002,0
C016,K003,0
C016,K004,0
C016,K005,0
C016,K006,0
C016,K007,1
C016,K008,0
C016,K009,0
C016,K010,0
C016,K011,0
C016,K012,0
C016,K013,0
C016,K014,0
C016,K015,1
C016,K016,0
C016,K017,0
C016,K018,0
C016,K019,0
C016,K020,0
C016,K021,0
C016,K022,0
C016,K023,0
C016,K024,0
C016,K025,0
C016,K026,0
C016,K027,0
C016,K028,0
C016,K029,0
C016,K030,0
C016,K031,0
C016,K032,0
C016,K033,0
C016,K034,0
C016,K035,0
C016,K036,0
C016,K037,0
C016,K038,0
C016,K039,0
C016,K040,0
C016,K041,0
C016,K042,0
C016,K043,0
C016,K044,0
C016,K045,0
C016,K046,0
C016,K047,0
C016,K048,0
C016,K049,0
C016,K050,0
C016,K051,0
C016,K052,0
C016,K053,0
C016,K054,0
C016,K055,0
C016,K056,0
C016,K057,1
C016,K058,1
C016,K059,1
C016,K060,0
C016,K061,0
C016,K062,0
C016,K063,0
C016,K064,0
C016,K065,1
C016,K066,0
C016,K067,0
C016,K068,2
C016,K069,1
C016,K070,0
C016,K071,1
C016,K072,0
C016,K073,1
C016,K074,0
C016,K075,0
C016,K076,0
C016,K077,2
C016,K078,1
C016,K079,1
C016,K080,2
C016,K081,2
C016,K082,1
C016,K083,1
C016,K084,2
C016,K085,2
C016,K086,1
C016,K087,0
C016,K088,0
C016,K089,0
C016,K090,1
C016,K091,0
C016,K092,0
C016,K093,0
C016,K094,1
C016,K095,1
C016,K096,0
C017,K001,2
C017,K002,0
C017,K003,0
C017,K004,0
C017,K005,0
C017,K006,0
C017,K007,1
C017,K008,0
C017,K009,0
C017,K010,0
C017,K011,0
C017,K012,0
C017,K013,0
C017,K014,0
C017,K015,1
C017,K016,0
C017,K017,0
C017,K018,0
C017,K019,0
C017,K020,0
C017,K021,0
C017,K022,0
C017,K023,0
C017,K024,0
C017,K025,0
C017,K026,0
C017,K027,0
C017,K028,0
C017,K029,0
C017,K030,0
C017,K031,0
C017,K032,0
C017,K033,0
C017,K034,0
C017,K035,0
C017,K036,0
C017,K037,0
C017,K038,0
C017,K039,0
C017,K040,0
C017,K041,0
C017,K042,0
C017,K043,0
C017,K044,0
C017,K045,0
C017,K046,0
C017,K047,0
C017,K048,1
C017,K049,0
C017,K050,1
C017,K051,0
C017,K052,0
C017,K053,0
C017,K054,0
C017,K055,0
C017,K056,0
C017,K057,1
C017,K058,1
C017,K059,1
C017,K060,0
C017,K061,0
C017,K062,0
C017,K063,0
C017,K064,0
C017,K065,1
C017,K066,0
C017,K067,0
C017,K068,2
C017,K069,0
C017,K070,0
C017,K071,0
C017,K072,0
C017,K073,1
C017,K074,0
C017,K075,0
C017,K076,0
C017,K077,2
C017,K078,2
C017,K079,1
C017,K080,2
C017,K081,2
C017,K082,2
C017,K083,2
C017,K084,2
C017,K085,2
C017,K086,1
C017,K087,0
C017,K088,0
C017,K089,0
C017,K090,0
C017,K091,0
C017,K092,0
C017,K093,0
C017,K094,1
C017,K095,0
C017,K096,0
C018,K001,2
C018,K002,0
C018,K003,0
C018,K004,0
C018,K005,0
C018,K006,0
C018,K007,1
C018,K008,0
C018,K009,0
C018,K010,0
C018,K011,0
C018,K012,0
C018,K013,0
C018,K014,0
C018,K015,1
C018,K016,0
C018,K017,0
C018,K018,0
C018,K019,0
C018,K020,0
C018,K021,0
C018,K022,0
C018,K023,0
C018,K024,0
C018,K025,0
C018,K026,0
C018,K027,0
C018,K028,0
C018,K029,0
C018,K030,0
C018,K031,0
C018,K032,0
C018,K033,0
C018,K034,0
C018,K035,0
C018,K036,0
C018,K037,0
C018,K038,0
C018,K039,0
C018,K040,0
C018,K041,0
C018,K042,0
C018,K043,0
C018,K044,0
C018,K045,0
C018,K046,0
C018,K047,0
C018,K048,1
C018,K049,0
C018,K050,1
C018,K051,0
C018,K052,0
C018,K053,0
C018,K054,0
C018,K055,0
C018,K056,0
C018,K057,0
C018,K058,0
C018,K059,0
C018,K060,0
C018,K061,0
C018,K062,0
C018,K063,0
C018,K064,0
C018,K065,0
C018,K066,0
C018,K067,0
C018,K068,2
C018,K069,0
C018,K070,0
C018,K071,1
C018,K072,0
C018,K073,1
C018,K074,0
C018,K075,0
C018,K076,0
C018,K077,1
C018,K078,1
C018,K079,0
C018,K080,1
C018,K081,1
C018,K082,1
C018,K083,1
C018,K084,1
C018,K085,2
C018,K086,1
C018,K087,0
C018,K088,0
C018,K089,0
C018,K090,1
C018,K091,0
C018,K092,0
C018,K093,0
C018,K094,1
C018,K095,1
C018,K096,1
C019,K001,2
C019,K002,0
C019,K003,0
C019,K004,0
C019,K005,1
C019,K006,2
C019,K007,1
C019,K008,0
C019,K009,0
C019,K010,1
C019,K011,1
C019,K012,1
C019,K013,0
C019,K014,0
C019,K015,1
C019,K016,0
C019,K017,2
C019,K018,0
C019,K019,0
C019,K020,0
C019,K021,0
C019,K022,0
C019,K023,0
C019,K024,0
C019,K025,0
C019,K026,0
C019,K027,0
C019,K028,0
C019,K029,0
C019,K030,0
C019,K031,0
C019,K032,0
C019,K033,0
C019,K034,2
C019,K035,0
C019,K036,0
C019,K037,0
C019,K038,0
C019,K039,0
C019,K040,0
C019,K041,0
C019,K042,0
C019,K043,0
C019,K044,0
C019,K045,0
C019,K046,0
C019,K047,0
C019,K048,0
C019,K049,0
C019,K050,2
C019,K051,0
C019,K052,0
C019,K053,0
C019,K054,0
C019,K055,0
C019,K056,0
C019,K057,0
C019,K058,0
C019,K059,0
C019,K060,0
C019,K061,0
C019,K062,0
C019,K063,0
C019,K064,0
C019,K065,1
C019,K066,0
C019,K067,0
C019,K068,1
C019,K069,0
C019,K070,0
C019,K071,0
C019,K072,0
C019,K073,1
C019,K074,0
C019,K075,0
C019,K076,0
C019,K077,1
C019,K078,1
C019,K079,0
C019,K080,1
C019,K081,1
C019,K082,1
C019,K083,0
C019,K084,1
C019,K085,1
C019,K086,1
C019,K087,0
C019,K088,0
C019,K089,0
C019,K090,0
C019,K091,0
C019,K092,0
C019,K093,0
C019,K094,1
C019,K095,0
C019,K096,2
C020,K001,2
C020,K002,0
C020,K003,0
C020,K004,0
C020,K005,0
C020,K006,0
C020,K007,1
C020,K008,0
C020,K009,0
C020,K010,0
C020,K011,0
C020,K012,0
C020,K013,0
C020,K014,0
C020,K015,1
C020,K016,0
C020,K017,0
C020,K018,0
C020,K019,0
C020,K020,0
C020,K021,0
C020,K022,0
C020,K023,0
C020,K024,0
C020,K025,0
C020,K026,0
C020,K027,0
C020,K028,0
C020,K029,0
C020,K030,0
C020,K031,0
C020,K032,0
C020,K033,0
C020,K034,0
C020,K035,0
C020,K036,0
C020,K037,0
C020,K038,0
C020,K039,0
C020,K040,0
C020,K041,0
C020,K042,1
C020,K043,0
C020,K044,0
C020,K045,0
C020,K046,0
C020,K047,0
C020,K048,1
C020,K049,0
C020,K050,2
C020,K051,1
C020,K052,0
C020,K053,0
C020,K054,0
C020,K055,0
C020,K056,0
C020,K057,1
C020,K058,0
C020,K059,1
C020,K060,0
C020,K061,0
C020,K062,0
C020,K063,0
C020,K064,0
C020,K065,1
C020,K066,0
C020,K067,0
C020,K068,2
C020,K069,0
C020,K070,0
C020,K071,0
C020,K072,0
C020,K073,1
C020,K074,0
C020,K075,0
C020,K076,0
C020,K077,2
C020,K078,2
C020,K079,1
C020,K080,2
C020,K081,2
C020,K082,2
C020,K083,1
C020,K084,2
C020,K085,2
C020,K086,2
C020,K087,0
C020,K088,0
C020,K089,0
C020,K090,1
C020,K091,0
C020,K092,0
C020,K093,0
C020,K094,1
C020,K095,1
C020,K096,1
C021,K001,2
C021,K002,0
C021,K003,0
C021,K004,0
C021,K005,1
C021,K006,0
C021,K007,1
C021,K008,0
C021,K009,0
C021,K010,0
C021,K011,2
C021,K012,0
C021,K013,0
C021,K014,0
C021,K015,0
C021,K016,0
C021,K017,2
C021,K018,0
C021,K019,0
C021,K020,0
C021,K021,0
C021,K022,0
C021,K023,0
C021,K024,0
C021,K025,0
C021,K026,0
C021,K027,0
C021,K028,0
C021,K029,0
C021,K030,0
C021,K031,0
C021,K032,0
C021,K033,0
C021,K034,2
C021,K035,0
C021,K036,0
C021,K037,0
C021,K038,0
C021,K039,0
C021,K040,0
C021,K041,0
C021,K042,0
C021,K043,0
C021,K044,0
C021,K045,0
C021,K046,0
C021,K047,0
C021,K048,0
C021,K049,0
C021,K050,1
C021,K051,0
C021,K052,0
C021,K053,0
C021,K054,0
C021,K055,0
C021,K056,0
C021,K057,0
C021,K058,0
C021,K059,0
C021,K060,0
C021,K061,0
C021,K062,0
C021,K063,0
C021,K064,0
C021,K065,0
C021,K066,0
C021,K067,0
C021,K068,0
C021,K069,0
C021,K070,0
C021,K071,1
C021,K072,0
C021,K073,1
C021,K074,0
C021,K075,0
C021,K076,0
C021,K077,1
C021,K078,1
C021,K079,1
C021,K080,2
C021,K081,1
C021,K082,2
C021,K083,1
C021,K084,1
C021,K085,2
C021,K086,1
C021,K087,0
C021,K088,0
C021,K089,0
C021,K090,1
C021,K091,0
C021,K092,0
C021,K093,0
C021,K094,1
C021,K095,0
C021,K096,0
C022,K001,2
C022,K002,0
C022,K003,0
C022,K004,0
C022,K005,0
C022,K006,0
C022,K007,1
C022,K008,1
C022,K009,0
C022,K010,0
C022,K011,0
C022,K012,0
C022,K013,0
C022,K014,0
C022,K015,1
C022,K016,0
C022,K017,2
C022,K018,0
C022,K019,1
C022,K020,0
C022,K021,0
C022,K022,0
C022,K023,0
C022,K024,0
C022,K025,0
C022,K026,0
C022,K027,0
C022,K028,0
C022,K029,0
C022,K030,0
C022,K031,0
C022,K032,0
C022,K033,1
C022,K034,0
C022,K035,0
C022,K036,0
C022,K037,0
C022,K038,0
C022,K039,0
C022,K040,0
C022,K041,0
C022,K042,0
C022,K043,0
C022,K044,0
C022,K045,0
C022,K046,0
C022,K047,0
C022,K048,0
C022,K049,0
C022,K050,1
C022,K051,0
C022,K052,0
C022,K053,0
C022,K054,0
C022,K055,0
C022,K056,0
C022,K057,1
C022,K058,0
C022,K059,0
C022,K060,0
C022,K061,0
C022,K062,0
C022,K063,0
C022,K064,0
C022,K065,1
C022,K066,0
C022,K067,0
C022,K068,1
C022,K069,0
C022,K070,0
C022,K071,1
C022,K072,0
C022,K073,1
C022,K074,0
C022,K075,0
C022,K076,1
C022,K077,1
C022,K078,1
C022,K079,2
C022,K080,1
C022,K081,2
C022,K082,2
C022,K083,2
C022,K084,2
C022,K085,1
C022,K086,1
C022,K087,0
C022,K088,1
C022,K089,1
C022,K090,1
C022,K091,0
C022,K092,0
C022,K093,0
C022,K094,1
C022,K095,1
C022,K096,1
C023,K001,2
C023,K002,0
C023,K003,0
C023,K004,0
C023,K005,1
C023,K006,0
C023,K007,1
C023,K008,0
C023,K009,0
C023,K010,0
C023,K011,1
C023,K012,0
C023,K013,0
C023,K014,0
C023,K015,1
C023,K016,0
C023,K017,2
C023,K018,0
C023,K019,0
C023,K020,0
C023,K021,0
C023,K022,0
C023,K023,0
C023,K024,0
C023,K025,0
C023,K026,0
C023,K027,0
C023,K028,0
C023,K029,0
C023,K030,0
C023,K031,0
C023,K032,0
C023,K033,1
C023,K034,2
C023,K035,0
C023,K036,0
C023,K037,0
C023,K038,0
C023,K039,0
C023,K040,0
C023,K041,0
C023,K042,0
C023,K043,0
C023,K044,0
C023,K045,0
C023,K046,0
C023,K047,0
C023,K048,0
C023,K049,0
C023,K050,1
C023,K051,0
C023,K052,0
C023,K053,0
C023,K054,0
C023,K055,0
C023,K056,0
C023,K057,1
C023,K058,1
C023,K059,1
C023,K060,0
C023,K061,0
C023,K062,0
C023,K063,0
C023,K064,0
C023,K065,1
C023,K066,0
C023,K067,0
C023,K068,1
C023,K069,0
C023,K070,0
C023,K071,1
C023,K072,0
C023,K073,1
C023,K074,0
C023,K075,0
C023,K076,0
C023,K077,1
C023,K078,1
C023,K079,1
C023,K080,1
C023,K081,1
C023,K082,1
C023,K083,1
C023,K084,1
C023,K085,2
C023,K086,1
C023,K087,0
C023,K088,0
C023,K089,0
C023,K090,1
C023,K091,0
C023,K092,0
C023,K093,0
C023,K094,1
C023,K095,1
C023,K096,1
C024,K001,2
C024,K002,0
C024,K003,0
C024,K004,0
C024,K005,0
C024,K006,0
C024,K007,0
C024,K008,0
C024,K009,0
C024,K010,0
C024,K011,0
C024,K012,0
C024,K013,0
C024,K014,0
C024,K015,1
C024,K016,0
C024,K017,0
C024,K018,0
C024,K019,0
C024,K020,0
C024,K021,0
C024,K022,0
C024,K023,0
C024,K024,0
C024,K025,0
C024,K026,0
C024,K027,0
C024,K028,0
C024,K029,0
C024,K030,0
C024,K031,0
C024,K032,0
C024,K033,1
C024,K034,0
C024,K035,0
C024,K036,0
C024,K037,0
C024,K038,0
C024,K039,0
C024,K040,0
C024,K041,0
C024,K042,0
C024,K043,0
C024,K044,0
C024,K045,0
C024,K046,0
C024,K047,0
C024,K048,0
C024,K049,0
C024,K050,1
C024,K051,0
C024,K052,0
C024,K053,0
C024,K054,0
C024,K055,0
C024,K056,0
C024,K057,1
C024,K058,1
C024,K059,0
C024,K060,0
C024,K061,0
C024,K062,0
C024,K063,0
C024,K064,0
C024,K065,1
C024,K066,0
C024,K067,0
C024,K068,2
C024,K069,0
C024,K070,0
C024,K071,1
C024,K072,0
C024,K073,1
C024,K074,0
C024,K075,0
C024,K076,1
C024,K077,1
C024,K078,1
C024,K079,2
C024,K080,1
C024,K081,2
C024,K082,2
C024,K083,2
C024,K084,2
C024,K085,2
C024,K086,1
C024,K087,0
C024,K088,1
C024,K089,1
C024,K090,1
C024,K091,1
C024,K092,0
C024,K093,0
C024,K094,1
C024,K095,1
C024,K096,1
